"../../../Engine/Plugins/Interchange/Runtime/Content/Pipelines/DefaultTexturePipeline.uasset" 0
"../../../Engine/Plugins/Interchange/Runtime/Content/Pipelines/DefaultTexturePipeline.uexp" 1
"../../../Engine/Plugins/Interchange/Runtime/Content/Pipelines/DefaultSceneLevelPipeline.uasset" 2
"../../../Engine/Plugins/Interchange/Runtime/Content/Pipelines/DefaultSceneLevelPipeline.uexp" 3
"../../../Engine/Plugins/Interchange/Runtime/Content/Pipelines/DefaultSceneAssetsPipeline.uasset" 4
"../../../Engine/Plugins/Interchange/Runtime/Content/Pipelines/DefaultSceneAssetsPipeline.uexp" 5
"../../../Engine/Plugins/Interchange/Runtime/Content/Pipelines/DefaultMaterialXPipeline.uasset" 6
"../../../Engine/Plugins/Interchange/Runtime/Content/Pipelines/DefaultMaterialXPipeline.uexp" 7
"../../../Engine/Plugins/Interchange/Runtime/Content/Pipelines/DefaultMaterialPipeline.uasset" 8
"../../../Engine/Plugins/Interchange/Runtime/Content/Pipelines/DefaultMaterialPipeline.uexp" 9
"../../../Engine/Plugins/Interchange/Runtime/Content/Pipelines/DefaultGLTFSceneAssetsPipeline.uasset" 10
"../../../Engine/Plugins/Interchange/Runtime/Content/Pipelines/DefaultGLTFSceneAssetsPipeline.uexp" 11
"../../../Engine/Plugins/Interchange/Runtime/Content/Pipelines/DefaultGLTFPipeline.uasset" 12
"../../../Engine/Plugins/Interchange/Runtime/Content/Pipelines/DefaultGLTFPipeline.uexp" 13
"../../../Engine/Plugins/Interchange/Runtime/Content/Pipelines/DefaultGLTFAssetsPipeline.uasset" 14
"../../../Engine/Plugins/Interchange/Runtime/Content/Pipelines/DefaultGLTFAssetsPipeline.uexp" 15
"../../../Engine/Plugins/Interchange/Runtime/Content/Pipelines/DefaultAssetsPipeline.uasset" 16
"../../../Engine/Plugins/Interchange/Runtime/Content/Pipelines/DefaultAssetsPipeline.uexp" 17
"../../../Engine/Plugins/Animation/ControlRig/Content/Controls/DefaultGizmoLibraryNormalized.uasset" 18
"../../../Engine/Plugins/Animation/ControlRig/Content/Controls/DefaultGizmoLibraryNormalized.uexp" 19
"../../../Engine/Plugins/Animation/ACLPlugin/Content/ACLAnimCurveCompressionSettings.uasset" 20
"../../../Engine/Plugins/Animation/ACLPlugin/Content/ACLAnimCurveCompressionSettings.uexp" 21
"../../../Engine/Plugins/Animation/ACLPlugin/Content/ACLAnimBoneCompressionSettings.uasset" 22
"../../../Engine/Plugins/Animation/ACLPlugin/Content/ACLAnimBoneCompressionSettings.uexp" 23
"../../../Engine/Plugins/2D/Paper2D/Content/PlaceholderTextures/DummySpriteTexture.ubulk" 24
"../../../Engine/Plugins/2D/Paper2D/Content/PlaceholderTextures/DummySpriteTexture.uasset" 25
"../../../Engine/Plugins/2D/Paper2D/Content/PlaceholderTextures/DummySpriteTexture.uexp" 26
"../../../Engine/Plugins/2D/Paper2D/Content/DummySprite.uasset" 27
"../../../Engine/Plugins/2D/Paper2D/Content/DummySprite.uexp" 28
"../../../Engine/Plugins/2D/Paper2D/Content/DefaultPaperTerrainMaterial.uasset" 29
"../../../Engine/Plugins/2D/Paper2D/Content/DefaultPaperTerrainMaterial.uexp" 30
"../../../Engine/Content/EngineSounds/Master.uasset" 31
"../../../Engine/Content/EngineSounds/Master.uexp" 32
"../../../Engine/Content/EngineMaterials/DefaultPhysicalMaterial.uasset" 33
"../../../Engine/Content/EngineMaterials/DefaultPhysicalMaterial.uexp" 34
"../../../Engine/Content/EngineMaterials/DefaultDestructiblePhysicalMaterial.uasset" 35
"../../../Engine/Content/EngineMaterials/DefaultDestructiblePhysicalMaterial.uexp" 36
"../../../Engine/Content/EngineFonts/Faces/RobotoLight.uexp" 37
"../../../Engine/Content/EngineFonts/Faces/RobotoLight.uasset" 38
"../../../Engine/Content/EngineFonts/Faces/RobotoLight.ufont" 39
"../../../Engine/Content/EngineFonts/Faces/RobotoBold.uexp" 40
"../../../Engine/Content/EngineFonts/Faces/RobotoBold.uasset" 41
"../../../Engine/Content/EngineFonts/Faces/RobotoBold.ufont" 42
"../../../Engine/Content/EngineFonts/Faces/RobotoRegular.uexp" 43
"../../../Engine/Content/EngineFonts/Faces/RobotoRegular.uasset" 44
"../../../Engine/Content/EngineFonts/Faces/RobotoRegular.ufont" 45
"../../../Engine/Content/EngineFonts/Faces/DroidSansFallback.uexp" 46
"../../../Engine/Content/EngineFonts/Faces/DroidSansFallback.uasset" 47
"../../../Engine/Content/EngineFonts/Faces/DroidSansFallback.ufont" 48
"../../../Engine/Content/EngineFonts/Faces/RobotoItalic.uexp" 49
"../../../Engine/Content/EngineFonts/Faces/RobotoItalic.uasset" 50
"../../../Engine/Content/EngineFonts/Faces/RobotoItalic.ufont" 51
"../../../Engine/Content/EngineFonts/Faces/RobotoBoldItalic.uexp" 52
"../../../Engine/Content/EngineFonts/Faces/RobotoBoldItalic.uasset" 53
"../../../Engine/Content/EngineFonts/Faces/RobotoBoldItalic.ufont" 54
"../../../Engine/Content/EngineFonts/Roboto.uasset" 55
"../../../Engine/Content/EngineFonts/Roboto.uexp" 56
"../../../Engine/Content/Animation/DefaultVariableFrameStrippingSettings.uasset" 57
"../../../Engine/Content/Animation/DefaultVariableFrameStrippingSettings.uexp" 58
"../../../Engine/Content/Animation/DefaultRecorderBoneCompression.uasset" 59
"../../../Engine/Content/Animation/DefaultRecorderBoneCompression.uexp" 60
"../../../Engine/Content/EditorResources/S_Actor.ubulk" 61
"../../../Engine/Content/EditorResources/S_Actor.uasset" 62
"../../../Engine/Content/EditorResources/S_Actor.uexp" 63
"../../../Engine/Content/EditorResources/S_BoxReflectionCapture.uasset" 64
"../../../Engine/Content/EditorResources/S_BoxReflectionCapture.uexp" 65
"../../../Engine/Content/EngineResources/DefaultTextureCube.uasset" 66
"../../../Engine/Content/EngineResources/DefaultTextureCube.uexp" 67
"../../../Engine/Content/EngineResources/DefaultVolumeTexture2D.uasset" 68
"../../../Engine/Content/EngineResources/DefaultVolumeTexture2D.uexp" 69
"../../../Engine/Content/EngineResources/DefaultVolumeTexture.uasset" 70
"../../../Engine/Content/EngineResources/DefaultVolumeTexture.uexp" 71
"../../../Engine/Content/EditorResources/S_Trigger.ubulk" 72
"../../../Engine/Content/EditorResources/S_Trigger.uasset" 73
"../../../Engine/Content/EditorResources/S_Trigger.uexp" 74
"../../../Engine/Content/EditorResources/S_TriggerBox.uasset" 75
"../../../Engine/Content/EditorResources/S_TriggerBox.uexp" 76
"../../../Engine/Content/EditorResources/S_TriggerCapsule.uasset" 77
"../../../Engine/Content/EditorResources/S_TriggerCapsule.uexp" 78
"../../../Engine/Content/EditorResources/S_TriggerSphere.uasset" 79
"../../../Engine/Content/EditorResources/S_TriggerSphere.uexp" 80
"../../../Engine/Content/EngineMeshes/Sphere.ubulk" 81
"../../../Engine/Content/EngineMeshes/Sphere.uasset" 82
"../../../Engine/Content/EngineMeshes/Sphere.uexp" 83
"../../../Engine/Plugins/Runtime/MeshModelingToolset/Content/Materials/M_DynamicMeshComponentVtxColor.uasset" 84
"../../../Engine/Plugins/Runtime/MeshModelingToolset/Content/Materials/M_DynamicMeshComponentVtxColor.uexp" 85
"../../../Engine/Plugins/Runtime/HairStrands/Content/Materials/HairMeshesDefaultMaterial.uasset" 86
"../../../Engine/Plugins/Runtime/HairStrands/Content/Materials/HairMeshesDefaultMaterial.uexp" 87
"../../../Engine/Plugins/Runtime/HairStrands/Content/Materials/HairDefaultMaterial.uasset" 88
"../../../Engine/Plugins/Runtime/HairStrands/Content/Materials/HairDefaultMaterial.uexp" 89
"../../../Engine/Plugins/Runtime/HairStrands/Content/Materials/HairGroupColors.uasset" 90
"../../../Engine/Plugins/Runtime/HairStrands/Content/Materials/HairGroupColors.uexp" 91
"../../../Engine/Content/Functions/Engine_MaterialFunctions02/Utility/MakeFloat2.uasset" 92
"../../../Engine/Content/Functions/Engine_MaterialFunctions02/Utility/MakeFloat2.uexp" 93
"../../../Engine/Content/Functions/Engine_MaterialFunctions02/Utility/MakeFloat3.uasset" 94
"../../../Engine/Content/Functions/Engine_MaterialFunctions02/Utility/MakeFloat3.uexp" 95
"../../../Engine/Content/EngineMaterials/HairColorMap.uasset" 96
"../../../Engine/Content/EngineMaterials/HairColorMap.uexp" 97
"../../../Engine/Content/EngineMaterials/HairDebugColor.uasset" 98
"../../../Engine/Content/EngineMaterials/HairDebugColor.uexp" 99
"../../../Engine/Plugins/Runtime/HairStrands/Content/Materials/HairDebugMaterial.uasset" 100
"../../../Engine/Plugins/Runtime/HairStrands/Content/Materials/HairDebugMaterial.uexp" 101
"../../../Engine/Plugins/Runtime/HairStrands/Content/Materials/HairCardsDefaultMaterial.uasset" 102
"../../../Engine/Plugins/Runtime/HairStrands/Content/Materials/HairCardsDefaultMaterial.uexp" 103
"../../../Engine/Plugins/Runtime/AudioWidgets/Content/Resources/ScrubHandleDown_Clamped.uasset" 104
"../../../Engine/Plugins/Runtime/AudioWidgets/Content/Resources/ScrubHandleDown_Clamped.uexp" 105
"../../../Engine/Content/Functions/Engine_MaterialFunctions02/Texturing/CustomRotator.uasset" 106
"../../../Engine/Content/Functions/Engine_MaterialFunctions02/Texturing/CustomRotator.uexp" 107
"../../../Engine/Content/Functions/Engine_MaterialFunctions02/Utility/BreakOutFloat2Components.uasset" 108
"../../../Engine/Content/Functions/Engine_MaterialFunctions02/Utility/BreakOutFloat2Components.uexp" 109
"../../../Engine/Content/Functions/Engine_MaterialFunctions01/Texturing/ScaleUVsByCenter.uasset" 110
"../../../Engine/Content/Functions/Engine_MaterialFunctions01/Texturing/ScaleUVsByCenter.uexp" 111
"../../../Engine/Plugins/Runtime/AudioWidgets/Content/AudioMaterialSlate/Functions/MF_SingleLine_Smooth.uasset" 112
"../../../Engine/Plugins/Runtime/AudioWidgets/Content/AudioMaterialSlate/Functions/MF_SingleLine_Smooth.uexp" 113
"../../../Engine/Plugins/Runtime/AudioWidgets/Content/AudioMaterialSlate/Functions/MF_AngleGradient.uasset" 114
"../../../Engine/Plugins/Runtime/AudioWidgets/Content/AudioMaterialSlate/Functions/MF_AngleGradient.uexp" 115
"../../../Engine/Plugins/Runtime/AudioWidgets/Content/AudioMaterialSlate/Functions/MF_SingleLine.uasset" 116
"../../../Engine/Plugins/Runtime/AudioWidgets/Content/AudioMaterialSlate/Functions/MF_SingleLine.uexp" 117
"../../../Engine/Content/Functions/Engine_MaterialFunctions01/Gradient/SphereGradient-2D.uasset" 118
"../../../Engine/Content/Functions/Engine_MaterialFunctions01/Gradient/SphereGradient-2D.uexp" 119
"../../../Engine/Plugins/Runtime/AudioWidgets/Content/AudioMaterialSlate/M_AudioMaterialToggleButton.uasset" 120
"../../../Engine/Plugins/Runtime/AudioWidgets/Content/AudioMaterialSlate/M_AudioMaterialToggleButton.uexp" 121
"../../../Engine/Plugins/Runtime/AudioWidgets/Content/AudioMaterialSlate/MI_AudioMaterialToggleButton.uasset" 122
"../../../Engine/Plugins/Runtime/AudioWidgets/Content/AudioMaterialSlate/MI_AudioMaterialToggleButton.uexp" 123
"../../../Engine/Content/Functions/Engine_MaterialFunctions02/Utility/VectorLength.uasset" 124
"../../../Engine/Content/Functions/Engine_MaterialFunctions02/Utility/VectorLength.uexp" 125
"../../../Engine/Content/Functions/Engine_MaterialFunctions01/Gradient/GeneratedRoundRect.uasset" 126
"../../../Engine/Content/Functions/Engine_MaterialFunctions01/Gradient/GeneratedRoundRect.uexp" 127
"../../../Engine/Plugins/Runtime/AudioWidgets/Content/AudioMaterialSlate/M_AudioMaterialRoundedSlider.uasset" 128
"../../../Engine/Plugins/Runtime/AudioWidgets/Content/AudioMaterialSlate/M_AudioMaterialRoundedSlider.uexp" 129
"../../../Engine/Plugins/Runtime/AudioWidgets/Content/AudioMaterialSlate/MI_AudioMaterialRoundedSlider.uasset" 130
"../../../Engine/Plugins/Runtime/AudioWidgets/Content/AudioMaterialSlate/MI_AudioMaterialRoundedSlider.uexp" 131
"../../../Engine/Plugins/Runtime/AudioWidgets/Content/AudioMaterialSlate/Functions/MF_Lines.uasset" 132
"../../../Engine/Plugins/Runtime/AudioWidgets/Content/AudioMaterialSlate/Functions/MF_Lines.uexp" 133
"../../../Engine/Content/Functions/Engine_MaterialFunctions02/Lerp_3Color.uasset" 134
"../../../Engine/Content/Functions/Engine_MaterialFunctions02/Lerp_3Color.uexp" 135
"../../../Engine/Plugins/Runtime/AudioWidgets/Content/AudioMaterialSlate/M_AudioMaterialMeter.uasset" 136
"../../../Engine/Plugins/Runtime/AudioWidgets/Content/AudioMaterialSlate/M_AudioMaterialMeter.uexp" 137
"../../../Engine/Plugins/Runtime/AudioWidgets/Content/AudioMaterialSlate/MI_AudioMaterialMeter.uasset" 138
"../../../Engine/Plugins/Runtime/AudioWidgets/Content/AudioMaterialSlate/MI_AudioMaterialMeter.uexp" 139
"../../../Engine/Plugins/Runtime/AudioWidgets/Content/AudioMaterialSlate/M_AudioMaterialKnob.uasset" 140
"../../../Engine/Plugins/Runtime/AudioWidgets/Content/AudioMaterialSlate/M_AudioMaterialKnob.uexp" 141
"../../../Engine/Plugins/Runtime/AudioWidgets/Content/AudioMaterialSlate/MI_AudioMaterialKnob.uasset" 142
"../../../Engine/Plugins/Runtime/AudioWidgets/Content/AudioMaterialSlate/MI_AudioMaterialKnob.uexp" 143
"../../../Engine/Plugins/Runtime/AudioWidgets/Content/AudioMaterialSlate/Functions/MF_DotOutlined.uasset" 144
"../../../Engine/Plugins/Runtime/AudioWidgets/Content/AudioMaterialSlate/Functions/MF_DotOutlined.uexp" 145
"../../../Engine/Plugins/Runtime/AudioWidgets/Content/AudioMaterialSlate/M_AudioMaterialEnvelope_ADSR.uasset" 146
"../../../Engine/Plugins/Runtime/AudioWidgets/Content/AudioMaterialSlate/M_AudioMaterialEnvelope_ADSR.uexp" 147
"../../../Engine/Plugins/Runtime/AudioWidgets/Content/AudioMaterialSlate/MI_AudioMaterialEnvelope_ADSR.uasset" 148
"../../../Engine/Plugins/Runtime/AudioWidgets/Content/AudioMaterialSlate/MI_AudioMaterialEnvelope_ADSR.uexp" 149
"../../../Engine/Plugins/NNE/NNEDenoiser/Content/NNEDTOM_Output_Default.uasset" 150
"../../../Engine/Plugins/NNE/NNEDenoiser/Content/NNEDTOM_Output_Default.uexp" 151
"../../../Engine/Plugins/NNE/NNEDenoiser/Content/NNEDTOM_Output_Alpha.uasset" 152
"../../../Engine/Plugins/NNE/NNEDenoiser/Content/NNEDTOM_Output_Alpha.uexp" 153
"../../../Engine/Plugins/NNE/NNEDenoiser/Content/NNEDTIM_ColorAlbedoNormal_Default.uasset" 154
"../../../Engine/Plugins/NNE/NNEDenoiser/Content/NNEDTIM_ColorAlbedoNormal_Default.uexp" 155
"../../../Engine/Plugins/NNE/NNEDenoiser/Content/NNEDTIM_ColorAlbedoNormal_Alpha.uasset" 156
"../../../Engine/Plugins/NNE/NNEDenoiser/Content/NNEDTIM_ColorAlbedoNormal_Alpha.uexp" 157
"../../../Engine/Plugins/NNE/NNEDenoiser/Content/NNEDOM_Output_Default.uasset" 158
"../../../Engine/Plugins/NNE/NNEDenoiser/Content/NNEDOM_Output_Default.uexp" 159
"../../../Engine/Plugins/NNE/NNEDenoiser/Content/NNEDOM_Output_Alpha.uasset" 160
"../../../Engine/Plugins/NNE/NNEDenoiser/Content/NNEDOM_Output_Alpha.uexp" 161
"../../../Engine/Plugins/NNE/NNEDenoiser/Content/NNEDIM_HighQuality_Default.uasset" 162
"../../../Engine/Plugins/NNE/NNEDenoiser/Content/NNEDIM_HighQuality_Default.uexp" 163
"../../../Engine/Plugins/NNE/NNEDenoiser/Content/NNEDIM_HighQuality_Alpha.uasset" 164
"../../../Engine/Plugins/NNE/NNEDenoiser/Content/NNEDIM_HighQuality_Alpha.uexp" 165
"../../../Engine/Plugins/NNE/NNEDenoiser/Content/NNEDIM_ColorAlbedoNormal_Default.uasset" 166
"../../../Engine/Plugins/NNE/NNEDenoiser/Content/NNEDIM_ColorAlbedoNormal_Default.uexp" 167
"../../../Engine/Plugins/NNE/NNEDenoiser/Content/NNEDIM_ColorAlbedoNormal_Alpha.uasset" 168
"../../../Engine/Plugins/NNE/NNEDenoiser/Content/NNEDIM_ColorAlbedoNormal_Alpha.uexp" 169
"../../../Engine/Content/EngineMaterials/T_Default_Material_Grid_M.ubulk" 170
"../../../Engine/Content/EngineMaterials/T_Default_Material_Grid_M.uasset" 171
"../../../Engine/Content/EngineMaterials/T_Default_Material_Grid_M.uexp" 172
"../../../Engine/Content/EngineMaterials/T_Default_Material_Grid_N.ubulk" 173
"../../../Engine/Content/EngineMaterials/T_Default_Material_Grid_N.uasset" 174
"../../../Engine/Content/EngineMaterials/T_Default_Material_Grid_N.uexp" 175
"../../../Engine/Content/Functions/Engine_MaterialFunctions01/Opacity/CameraDepthFade.uasset" 176
"../../../Engine/Content/Functions/Engine_MaterialFunctions01/Opacity/CameraDepthFade.uexp" 177
"../../../Engine/Content/EngineMaterials/WorldGridMaterial.uasset" 178
"../../../Engine/Content/EngineMaterials/WorldGridMaterial.uexp" 179
"../../../Engine/Plugins/Media/MediaPlate/Content/SM_MediaPlateScreen.ubulk" 180
"../../../Engine/Plugins/Media/MediaPlate/Content/SM_MediaPlateScreen.uasset" 181
"../../../Engine/Plugins/Media/MediaPlate/Content/SM_MediaPlateScreen.uexp" 182
"../../../Engine/Plugins/Interchange/Assets/Content/Functions/MX_UsdPreviewSurface.uasset" 183
"../../../Engine/Plugins/Interchange/Assets/Content/Functions/MX_UsdPreviewSurface.uexp" 184
"../../../Engine/Plugins/Interchange/Assets/Content/Functions/MX_UniformEDF.uasset" 185
"../../../Engine/Plugins/Interchange/Assets/Content/Functions/MX_UniformEDF.uexp" 186
"../../../Engine/Plugins/Interchange/Assets/Content/Functions/MX_TranslucentBSDF.uasset" 187
"../../../Engine/Plugins/Interchange/Assets/Content/Functions/MX_TranslucentBSDF.uexp" 188
"../../../Engine/Plugins/Interchange/Assets/Content/Functions/MX_ThinFilmBSDF.uasset" 189
"../../../Engine/Plugins/Interchange/Assets/Content/Functions/MX_ThinFilmBSDF.uexp" 190
"../../../Engine/Plugins/Interchange/Assets/Content/Functions/MX_SurfaceUnlit.uasset" 191
"../../../Engine/Plugins/Interchange/Assets/Content/Functions/MX_SurfaceUnlit.uexp" 192
"../../../Engine/Plugins/Interchange/Assets/Content/Functions/MX_Surface.uasset" 193
"../../../Engine/Plugins/Interchange/Assets/Content/Functions/MX_Surface.uexp" 194
"../../../Engine/Plugins/Interchange/Assets/Content/Functions/MX_SubsurfaceBSDF.uasset" 195
"../../../Engine/Plugins/Interchange/Assets/Content/Functions/MX_SubsurfaceBSDF.uexp" 196
"../../../Engine/Plugins/Interchange/Assets/Content/Functions/MX_SheenBSDF.uasset" 197
"../../../Engine/Plugins/Interchange/Assets/Content/Functions/MX_SheenBSDF.uexp" 198
"../../../Engine/Plugins/Interchange/Assets/Content/Functions/MX_OrenNayarBSDF.uasset" 199
"../../../Engine/Plugins/Interchange/Assets/Content/Functions/MX_OrenNayarBSDF.uexp" 200
"../../../Engine/Plugins/Interchange/Assets/Content/Utilities/New_LUT.uasset" 201
"../../../Engine/Plugins/Interchange/Assets/Content/Utilities/New_LUT.uexp" 202
"../../../Engine/Content/Functions/Engine_MaterialFunctions03/Math/RemapValueRange.uasset" 203
"../../../Engine/Content/Functions/Engine_MaterialFunctions03/Math/RemapValueRange.uexp" 204
"../../../Engine/Plugins/Interchange/Assets/Content/Functions/MF_Iridescence.uasset" 205
"../../../Engine/Plugins/Interchange/Assets/Content/Functions/MF_Iridescence.uexp" 206
"../../../Engine/Plugins/Interchange/Assets/Content/Functions/MX_StandardSurface.uasset" 207
"../../../Engine/Plugins/Interchange/Assets/Content/Functions/MX_StandardSurface.uexp" 208
"../../../Engine/Plugins/Interchange/Assets/Content/Functions/MX_TransmissionSurface.uasset" 209
"../../../Engine/Plugins/Interchange/Assets/Content/Functions/MX_TransmissionSurface.uexp" 210
"../../../Engine/Plugins/Interchange/Assets/Content/Functions/MX_OpenPBR_Translucent.uasset" 211
"../../../Engine/Plugins/Interchange/Assets/Content/Functions/MX_OpenPBR_Translucent.uexp" 212
"../../../Engine/Plugins/Interchange/Assets/Content/Functions/MX_OpenPBR_Opaque.uasset" 213
"../../../Engine/Plugins/Interchange/Assets/Content/Functions/MX_OpenPBR_Opaque.uexp" 214
"../../../Engine/Plugins/Interchange/Assets/Content/Functions/MX_MeasuredEDF.uasset" 215
"../../../Engine/Plugins/Interchange/Assets/Content/Functions/MX_MeasuredEDF.uexp" 216
"../../../Engine/Plugins/Interchange/Assets/Content/Functions/MX_GeneralizedSchlickBSDF.uasset" 217
"../../../Engine/Plugins/Interchange/Assets/Content/Functions/MX_GeneralizedSchlickBSDF.uexp" 218
"../../../Engine/Plugins/Interchange/Assets/Content/Functions/MX_DielectricBSDF.uasset" 219
"../../../Engine/Plugins/Interchange/Assets/Content/Functions/MX_DielectricBSDF.uexp" 220
"../../../Engine/Plugins/Interchange/Assets/Content/Functions/MX_ConicalEDF.uasset" 221
"../../../Engine/Plugins/Interchange/Assets/Content/Functions/MX_ConicalEDF.uexp" 222
"../../../Engine/Plugins/Interchange/Assets/Content/Functions/MX_ConductorBSDF.uasset" 223
"../../../Engine/Plugins/Interchange/Assets/Content/Functions/MX_ConductorBSDF.uexp" 224
"../../../Engine/Plugins/Interchange/Assets/Content/Functions/MX_BurleyDiffuseBSDF.uasset" 225
"../../../Engine/Plugins/Interchange/Assets/Content/Functions/MX_BurleyDiffuseBSDF.uexp" 226
"../../../Engine/Plugins/Interchange/Assets/Content/Functions/MX_AnisotropicVDF.uasset" 227
"../../../Engine/Plugins/Interchange/Assets/Content/Functions/MX_AnisotropicVDF.uexp" 228
"../../../Engine/Plugins/Interchange/Assets/Content/Functions/MX_AbsorptionVDF.uasset" 229
"../../../Engine/Plugins/Interchange/Assets/Content/Functions/MX_AbsorptionVDF.uexp" 230
"../../../Engine/Plugins/Editor/SpeedTreeImporter/Content/SpeedTree9/game_wind_noise.ubulk" 231
"../../../Engine/Plugins/Editor/SpeedTreeImporter/Content/SpeedTree9/game_wind_noise.uasset" 232
"../../../Engine/Plugins/Editor/SpeedTreeImporter/Content/SpeedTree9/game_wind_noise.uexp" 233
"../../../Engine/Plugins/Editor/SpeedTreeImporter/Content/SpeedTree9/UnpackDirection.uasset" 234
"../../../Engine/Plugins/Editor/SpeedTreeImporter/Content/SpeedTree9/UnpackDirection.uexp" 235
"../../../Engine/Content/Functions/Engine_MaterialFunctions02/ObjectLocalBounds.uasset" 236
"../../../Engine/Content/Functions/Engine_MaterialFunctions02/ObjectLocalBounds.uexp" 237
"../../../Engine/Content/Functions/Engine_MaterialFunctions02/Utility/BreakOutFloat3Components.uasset" 238
"../../../Engine/Content/Functions/Engine_MaterialFunctions02/Utility/BreakOutFloat3Components.uexp" 239
"../../../Engine/Content/Functions/Engine_MaterialFunctions02/UVs/BoundingBoxBased_0-1_UVW.uasset" 240
"../../../Engine/Content/Functions/Engine_MaterialFunctions02/UVs/BoundingBoxBased_0-1_UVW.uexp" 241
"../../../Engine/Plugins/Editor/SpeedTreeImporter/Content/SpeedTree9/UnpackInteger3.uasset" 242
"../../../Engine/Plugins/Editor/SpeedTreeImporter/Content/SpeedTree9/UnpackInteger3.uexp" 243
"../../../Engine/Plugins/Editor/SpeedTreeImporter/Content/SpeedTree9/SpeedTreeCameraFacing.uasset" 244
"../../../Engine/Plugins/Editor/SpeedTreeImporter/Content/SpeedTree9/SpeedTreeCameraFacing.uexp" 245
"../../../Engine/Content/Functions/Engine_MaterialFunctions02/WorldPositionOffset/ObjectScale.uasset" 246
"../../../Engine/Content/Functions/Engine_MaterialFunctions02/WorldPositionOffset/ObjectScale.uexp" 247
"../../../Engine/Content/Functions/Engine_MaterialFunctions02/SafeNormalize.uasset" 248
"../../../Engine/Content/Functions/Engine_MaterialFunctions02/SafeNormalize.uexp" 249
"../../../Engine/Plugins/Editor/SpeedTreeImporter/Content/SpeedTree9/SpeedTreeWindMotion.uasset" 250
"../../../Engine/Plugins/Editor/SpeedTreeImporter/Content/SpeedTree9/SpeedTreeWindMotion.uexp" 251
"../../../Engine/Plugins/Editor/SpeedTreeImporter/Content/SpeedTree9/SpeedTreeBranchMotion.uasset" 252
"../../../Engine/Plugins/Editor/SpeedTreeImporter/Content/SpeedTree9/SpeedTreeBranchMotion.uexp" 253
"../../../Engine/Plugins/Editor/SpeedTreeImporter/Content/SpeedTree9/SpeedTreeWind.uasset" 254
"../../../Engine/Plugins/Editor/SpeedTreeImporter/Content/SpeedTree9/SpeedTreeWind.uexp" 255
"../../../Engine/Plugins/Editor/SpeedTreeImporter/Content/SpeedTree9/EmptyNormal.uasset" 256
"../../../Engine/Plugins/Editor/SpeedTreeImporter/Content/SpeedTree9/EmptyNormal.uexp" 257
"../../../Engine/Plugins/Editor/SpeedTreeImporter/Content/SpeedTree9/Empty.uasset" 258
"../../../Engine/Plugins/Editor/SpeedTreeImporter/Content/SpeedTree9/Empty.uexp" 259
"../../../Engine/Plugins/Editor/SpeedTreeImporter/Content/SpeedTree9/SpeedTreeMaster.uasset" 260
"../../../Engine/Plugins/Editor/SpeedTreeImporter/Content/SpeedTree9/SpeedTreeMaster.uexp" 261
"../../../Engine/Plugins/Editor/SpeedTreeImporter/Content/SpeedTree9/SpeedTreeBillboard.uasset" 262
"../../../Engine/Plugins/Editor/SpeedTreeImporter/Content/SpeedTree9/SpeedTreeBillboard.uexp" 263
"../../../Engine/Plugins/Editor/SpeedTreeImporter/Content/SpeedTree9/SpeedTreeBillboardMaster.uasset" 264
"../../../Engine/Plugins/Editor/SpeedTreeImporter/Content/SpeedTree9/SpeedTreeBillboardMaster.uexp" 265
"../../../Engine/Content/EngineResources/GradientTexture0.uasset" 266
"../../../Engine/Content/EngineResources/GradientTexture0.uexp" 267
"../../../Engine/Content/Functions/Engine_MaterialFunctions02/WorldPositionOffset/CameraOffset.uasset" 268
"../../../Engine/Content/Functions/Engine_MaterialFunctions02/WorldPositionOffset/CameraOffset.uexp" 269
"../../../Engine/Plugins/Animation/ControlRig/Content/M_Manip.uasset" 270
"../../../Engine/Plugins/Animation/ControlRig/Content/M_Manip.uexp" 271
"../../../Engine/Plugins/Animation/ControlRig/Content/Controls/ControlRig_Wedge_solid.ubulk" 272
"../../../Engine/Plugins/Animation/ControlRig/Content/Controls/ControlRig_Wedge_solid.uasset" 273
"../../../Engine/Plugins/Animation/ControlRig/Content/Controls/ControlRig_Wedge_solid.uexp" 274
"../../../Engine/Plugins/Animation/ControlRig/Content/Controls/ControlRig_Wedge_3mm.ubulk" 275
"../../../Engine/Plugins/Animation/ControlRig/Content/Controls/ControlRig_Wedge_3mm.uasset" 276
"../../../Engine/Plugins/Animation/ControlRig/Content/Controls/ControlRig_Wedge_3mm.uexp" 277
"../../../Engine/Plugins/Animation/ControlRig/Content/Controls/ControlRig_Wedge_1mm.ubulk" 278
"../../../Engine/Plugins/Animation/ControlRig/Content/Controls/ControlRig_Wedge_1mm.uasset" 279
"../../../Engine/Plugins/Animation/ControlRig/Content/Controls/ControlRig_Wedge_1mm.uexp" 280
"../../../Engine/Plugins/Animation/ControlRig/Content/Controls/ControlRig_Triangle_solid.ubulk" 281
"../../../Engine/Plugins/Animation/ControlRig/Content/Controls/ControlRig_Triangle_solid.uasset" 282
"../../../Engine/Plugins/Animation/ControlRig/Content/Controls/ControlRig_Triangle_solid.uexp" 283
"../../../Engine/Plugins/Animation/ControlRig/Content/Controls/ControlRig_Triangle_3mm.ubulk" 284
"../../../Engine/Plugins/Animation/ControlRig/Content/Controls/ControlRig_Triangle_3mm.uasset" 285
"../../../Engine/Plugins/Animation/ControlRig/Content/Controls/ControlRig_Triangle_3mm.uexp" 286
"../../../Engine/Plugins/Animation/ControlRig/Content/Controls/ControlRig_Triangle_1mm.ubulk" 287
"../../../Engine/Plugins/Animation/ControlRig/Content/Controls/ControlRig_Triangle_1mm.uasset" 288
"../../../Engine/Plugins/Animation/ControlRig/Content/Controls/ControlRig_Triangle_1mm.uexp" 289
"../../../Engine/Plugins/Animation/ControlRig/Content/Controls/ControlRig_Star4_solid.ubulk" 290
"../../../Engine/Plugins/Animation/ControlRig/Content/Controls/ControlRig_Star4_solid.uasset" 291
"../../../Engine/Plugins/Animation/ControlRig/Content/Controls/ControlRig_Star4_solid.uexp" 292
"../../../Engine/Plugins/Animation/ControlRig/Content/Controls/ControlRig_Star4_3mm.ubulk" 293
"../../../Engine/Plugins/Animation/ControlRig/Content/Controls/ControlRig_Star4_3mm.uasset" 294
"../../../Engine/Plugins/Animation/ControlRig/Content/Controls/ControlRig_Star4_3mm.uexp" 295
"../../../Engine/Plugins/Animation/ControlRig/Content/Controls/ControlRig_Star4_1mm.ubulk" 296
"../../../Engine/Plugins/Animation/ControlRig/Content/Controls/ControlRig_Star4_1mm.uasset" 297
"../../../Engine/Plugins/Animation/ControlRig/Content/Controls/ControlRig_Star4_1mm.uexp" 298
"../../../Engine/Plugins/Animation/ControlRig/Content/Controls/ControlRig_Square_solid.ubulk" 299
"../../../Engine/Plugins/Animation/ControlRig/Content/Controls/ControlRig_Square_solid.uasset" 300
"../../../Engine/Plugins/Animation/ControlRig/Content/Controls/ControlRig_Square_solid.uexp" 301
"../../../Engine/Plugins/Animation/ControlRig/Content/Controls/ControlRig_Square_3mm.ubulk" 302
"../../../Engine/Plugins/Animation/ControlRig/Content/Controls/ControlRig_Square_3mm.uasset" 303
"../../../Engine/Plugins/Animation/ControlRig/Content/Controls/ControlRig_Square_3mm.uexp" 304
"../../../Engine/Plugins/Animation/ControlRig/Content/Controls/ControlRig_Square_1mm.ubulk" 305
"../../../Engine/Plugins/Animation/ControlRig/Content/Controls/ControlRig_Square_1mm.uasset" 306
"../../../Engine/Plugins/Animation/ControlRig/Content/Controls/ControlRig_Square_1mm.uexp" 307
"../../../Engine/Plugins/Animation/ControlRig/Content/Controls/ControlRig_Sphere_solid.ubulk" 308
"../../../Engine/Plugins/Animation/ControlRig/Content/Controls/ControlRig_Sphere_solid.uasset" 309
"../../../Engine/Plugins/Animation/ControlRig/Content/Controls/ControlRig_Sphere_solid.uexp" 310
"../../../Engine/Plugins/Animation/ControlRig/Content/Controls/ControlRig_Sphere_3mm.ubulk" 311
"../../../Engine/Plugins/Animation/ControlRig/Content/Controls/ControlRig_Sphere_3mm.uasset" 312
"../../../Engine/Plugins/Animation/ControlRig/Content/Controls/ControlRig_Sphere_3mm.uexp" 313
"../../../Engine/Plugins/Animation/ControlRig/Content/Controls/ControlRig_Sphere_1mm.ubulk" 314
"../../../Engine/Plugins/Animation/ControlRig/Content/Controls/ControlRig_Sphere_1mm.uasset" 315
"../../../Engine/Plugins/Animation/ControlRig/Content/Controls/ControlRig_Sphere_1mm.uexp" 316
"../../../Engine/Plugins/Animation/ControlRig/Content/Controls/ControlRig_RoundedTriangle_solid.ubulk" 317
"../../../Engine/Plugins/Animation/ControlRig/Content/Controls/ControlRig_RoundedTriangle_solid.uasset" 318
"../../../Engine/Plugins/Animation/ControlRig/Content/Controls/ControlRig_RoundedTriangle_solid.uexp" 319
"../../../Engine/Plugins/Animation/ControlRig/Content/Controls/ControlRig_RoundedTriangle_3mm.ubulk" 320
"../../../Engine/Plugins/Animation/ControlRig/Content/Controls/ControlRig_RoundedTriangle_3mm.uasset" 321
"../../../Engine/Plugins/Animation/ControlRig/Content/Controls/ControlRig_RoundedTriangle_3mm.uexp" 322
"../../../Engine/Plugins/Animation/ControlRig/Content/Controls/ControlRig_RoundedTriangle_1mm.ubulk" 323
"../../../Engine/Plugins/Animation/ControlRig/Content/Controls/ControlRig_RoundedTriangle_1mm.uasset" 324
"../../../Engine/Plugins/Animation/ControlRig/Content/Controls/ControlRig_RoundedTriangle_1mm.uexp" 325
"../../../Engine/Plugins/Animation/ControlRig/Content/Controls/ControlRig_RoundedSquare_solid.ubulk" 326
"../../../Engine/Plugins/Animation/ControlRig/Content/Controls/ControlRig_RoundedSquare_solid.uasset" 327
"../../../Engine/Plugins/Animation/ControlRig/Content/Controls/ControlRig_RoundedSquare_solid.uexp" 328
"../../../Engine/Plugins/Animation/ControlRig/Content/Controls/ControlRig_RoundedSquare_3mm.ubulk" 329
"../../../Engine/Plugins/Animation/ControlRig/Content/Controls/ControlRig_RoundedSquare_3mm.uasset" 330
"../../../Engine/Plugins/Animation/ControlRig/Content/Controls/ControlRig_RoundedSquare_3mm.uexp" 331
"../../../Engine/Plugins/Animation/ControlRig/Content/Controls/ControlRig_RoundedSquare_1mm.ubulk" 332
"../../../Engine/Plugins/Animation/ControlRig/Content/Controls/ControlRig_RoundedSquare_1mm.uasset" 333
"../../../Engine/Plugins/Animation/ControlRig/Content/Controls/ControlRig_RoundedSquare_1mm.uexp" 334
"../../../Engine/Plugins/Animation/ControlRig/Content/Controls/ControlRig_QuarterCircle_solid.ubulk" 335
"../../../Engine/Plugins/Animation/ControlRig/Content/Controls/ControlRig_QuarterCircle_solid.uasset" 336
"../../../Engine/Plugins/Animation/ControlRig/Content/Controls/ControlRig_QuarterCircle_solid.uexp" 337
"../../../Engine/Plugins/Animation/ControlRig/Content/Controls/ControlRig_QuarterCircle_3mm.ubulk" 338
"../../../Engine/Plugins/Animation/ControlRig/Content/Controls/ControlRig_QuarterCircle_3mm.uasset" 339
"../../../Engine/Plugins/Animation/ControlRig/Content/Controls/ControlRig_QuarterCircle_3mm.uexp" 340
"../../../Engine/Plugins/Animation/ControlRig/Content/Controls/ControlRig_QuarterCircle_1mm.ubulk" 341
"../../../Engine/Plugins/Animation/ControlRig/Content/Controls/ControlRig_QuarterCircle_1mm.uasset" 342
"../../../Engine/Plugins/Animation/ControlRig/Content/Controls/ControlRig_QuarterCircle_1mm.uexp" 343
"../../../Engine/Plugins/Animation/ControlRig/Content/Controls/ControlRig_Pyramid_solid.ubulk" 344
"../../../Engine/Plugins/Animation/ControlRig/Content/Controls/ControlRig_Pyramid_solid.uasset" 345
"../../../Engine/Plugins/Animation/ControlRig/Content/Controls/ControlRig_Pyramid_solid.uexp" 346
"../../../Engine/Plugins/Animation/ControlRig/Content/Controls/ControlRig_Pyramid_3mm.ubulk" 347
"../../../Engine/Plugins/Animation/ControlRig/Content/Controls/ControlRig_Pyramid_3mm.uasset" 348
"../../../Engine/Plugins/Animation/ControlRig/Content/Controls/ControlRig_Pyramid_3mm.uexp" 349
"../../../Engine/Plugins/Animation/ControlRig/Content/Controls/ControlRig_Pyramid_1mm.ubulk" 350
"../../../Engine/Plugins/Animation/ControlRig/Content/Controls/ControlRig_Pyramid_1mm.uasset" 351
"../../../Engine/Plugins/Animation/ControlRig/Content/Controls/ControlRig_Pyramid_1mm.uexp" 352
"../../../Engine/Plugins/Animation/ControlRig/Content/Controls/ControlRig_Octagon_solid.ubulk" 353
"../../../Engine/Plugins/Animation/ControlRig/Content/Controls/ControlRig_Octagon_solid.uasset" 354
"../../../Engine/Plugins/Animation/ControlRig/Content/Controls/ControlRig_Octagon_solid.uexp" 355
"../../../Engine/Plugins/Animation/ControlRig/Content/Controls/ControlRig_Octagon_3mm.ubulk" 356
"../../../Engine/Plugins/Animation/ControlRig/Content/Controls/ControlRig_Octagon_3mm.uasset" 357
"../../../Engine/Plugins/Animation/ControlRig/Content/Controls/ControlRig_Octagon_3mm.uexp" 358
"../../../Engine/Plugins/Animation/ControlRig/Content/Controls/ControlRig_Octagon_1mm.ubulk" 359
"../../../Engine/Plugins/Animation/ControlRig/Content/Controls/ControlRig_Octagon_1mm.uasset" 360
"../../../Engine/Plugins/Animation/ControlRig/Content/Controls/ControlRig_Octagon_1mm.uexp" 361
"../../../Engine/Plugins/Animation/ControlRig/Content/Controls/ControlRig_Hexagon_solid.ubulk" 362
"../../../Engine/Plugins/Animation/ControlRig/Content/Controls/ControlRig_Hexagon_solid.uasset" 363
"../../../Engine/Plugins/Animation/ControlRig/Content/Controls/ControlRig_Hexagon_solid.uexp" 364
"../../../Engine/Plugins/Animation/ControlRig/Content/Controls/ControlRig_Hexagon_3mm.ubulk" 365
"../../../Engine/Plugins/Animation/ControlRig/Content/Controls/ControlRig_Hexagon_3mm.uasset" 366
"../../../Engine/Plugins/Animation/ControlRig/Content/Controls/ControlRig_Hexagon_3mm.uexp" 367
"../../../Engine/Plugins/Animation/ControlRig/Content/Controls/ControlRig_Hexagon_1mm.ubulk" 368
"../../../Engine/Plugins/Animation/ControlRig/Content/Controls/ControlRig_Hexagon_1mm.uasset" 369
"../../../Engine/Plugins/Animation/ControlRig/Content/Controls/ControlRig_Hexagon_1mm.uexp" 370
"../../../Engine/Plugins/Animation/ControlRig/Content/Controls/ControlRig_HalfCircle_solid.ubulk" 371
"../../../Engine/Plugins/Animation/ControlRig/Content/Controls/ControlRig_HalfCircle_solid.uasset" 372
"../../../Engine/Plugins/Animation/ControlRig/Content/Controls/ControlRig_HalfCircle_solid.uexp" 373
"../../../Engine/Plugins/Animation/ControlRig/Content/Controls/ControlRig_HalfCircle_3mm.ubulk" 374
"../../../Engine/Plugins/Animation/ControlRig/Content/Controls/ControlRig_HalfCircle_3mm.uasset" 375
"../../../Engine/Plugins/Animation/ControlRig/Content/Controls/ControlRig_HalfCircle_3mm.uexp" 376
"../../../Engine/Plugins/Animation/ControlRig/Content/Controls/ControlRig_HalfCircle_1mm.ubulk" 377
"../../../Engine/Plugins/Animation/ControlRig/Content/Controls/ControlRig_HalfCircle_1mm.uasset" 378
"../../../Engine/Plugins/Animation/ControlRig/Content/Controls/ControlRig_HalfCircle_1mm.uexp" 379
"../../../Engine/Plugins/Animation/ControlRig/Content/Controls/ControlRig_Diamond_solid.ubulk" 380
"../../../Engine/Plugins/Animation/ControlRig/Content/Controls/ControlRig_Diamond_solid.uasset" 381
"../../../Engine/Plugins/Animation/ControlRig/Content/Controls/ControlRig_Diamond_solid.uexp" 382
"../../../Engine/Plugins/Animation/ControlRig/Content/Controls/ControlRig_Diamond_3mm.ubulk" 383
"../../../Engine/Plugins/Animation/ControlRig/Content/Controls/ControlRig_Diamond_3mm.uasset" 384
"../../../Engine/Plugins/Animation/ControlRig/Content/Controls/ControlRig_Diamond_3mm.uexp" 385
"../../../Engine/Plugins/Animation/ControlRig/Content/Controls/ControlRig_Diamond_1mm.ubulk" 386
"../../../Engine/Plugins/Animation/ControlRig/Content/Controls/ControlRig_Diamond_1mm.uasset" 387
"../../../Engine/Plugins/Animation/ControlRig/Content/Controls/ControlRig_Diamond_1mm.uexp" 388
"../../../Engine/Plugins/Animation/ControlRig/Content/Controls/ControlRig_Circle_solid.ubulk" 389
"../../../Engine/Plugins/Animation/ControlRig/Content/Controls/ControlRig_Circle_solid.uasset" 390
"../../../Engine/Plugins/Animation/ControlRig/Content/Controls/ControlRig_Circle_solid.uexp" 391
"../../../Engine/Plugins/Animation/ControlRig/Content/Controls/ControlRig_Circle_3mm.ubulk" 392
"../../../Engine/Plugins/Animation/ControlRig/Content/Controls/ControlRig_Circle_3mm.uasset" 393
"../../../Engine/Plugins/Animation/ControlRig/Content/Controls/ControlRig_Circle_3mm.uexp" 394
"../../../Engine/Plugins/Animation/ControlRig/Content/Controls/ControlRig_Circle_1mm.ubulk" 395
"../../../Engine/Plugins/Animation/ControlRig/Content/Controls/ControlRig_Circle_1mm.uasset" 396
"../../../Engine/Plugins/Animation/ControlRig/Content/Controls/ControlRig_Circle_1mm.uexp" 397
"../../../Engine/Plugins/Animation/ControlRig/Content/Controls/ControlRig_Box_solid.ubulk" 398
"../../../Engine/Plugins/Animation/ControlRig/Content/Controls/ControlRig_Box_solid.uasset" 399
"../../../Engine/Plugins/Animation/ControlRig/Content/Controls/ControlRig_Box_solid.uexp" 400
"../../../Engine/Plugins/Animation/ControlRig/Content/Controls/ControlRig_Box_3mm.ubulk" 401
"../../../Engine/Plugins/Animation/ControlRig/Content/Controls/ControlRig_Box_3mm.uasset" 402
"../../../Engine/Plugins/Animation/ControlRig/Content/Controls/ControlRig_Box_3mm.uexp" 403
"../../../Engine/Plugins/Animation/ControlRig/Content/Controls/ControlRig_Box_1mm.ubulk" 404
"../../../Engine/Plugins/Animation/ControlRig/Content/Controls/ControlRig_Box_1mm.uasset" 405
"../../../Engine/Plugins/Animation/ControlRig/Content/Controls/ControlRig_Box_1mm.uexp" 406
"../../../Engine/Plugins/Animation/ControlRig/Content/Controls/ControlRig_Arrow_solid.ubulk" 407
"../../../Engine/Plugins/Animation/ControlRig/Content/Controls/ControlRig_Arrow_solid.uasset" 408
"../../../Engine/Plugins/Animation/ControlRig/Content/Controls/ControlRig_Arrow_solid.uexp" 409
"../../../Engine/Plugins/Animation/ControlRig/Content/Controls/ControlRig_Arrow_3mm.ubulk" 410
"../../../Engine/Plugins/Animation/ControlRig/Content/Controls/ControlRig_Arrow_3mm.uasset" 411
"../../../Engine/Plugins/Animation/ControlRig/Content/Controls/ControlRig_Arrow_3mm.uexp" 412
"../../../Engine/Plugins/Animation/ControlRig/Content/Controls/ControlRig_Arrow_1mm.ubulk" 413
"../../../Engine/Plugins/Animation/ControlRig/Content/Controls/ControlRig_Arrow_1mm.uasset" 414
"../../../Engine/Plugins/Animation/ControlRig/Content/Controls/ControlRig_Arrow_1mm.uexp" 415
"../../../Engine/Plugins/Animation/ControlRig/Content/Controls/ControlRig_Arrow4_solid.ubulk" 416
"../../../Engine/Plugins/Animation/ControlRig/Content/Controls/ControlRig_Arrow4_solid.uasset" 417
"../../../Engine/Plugins/Animation/ControlRig/Content/Controls/ControlRig_Arrow4_solid.uexp" 418
"../../../Engine/Plugins/Animation/ControlRig/Content/Controls/ControlRig_Arrow4_3mm.ubulk" 419
"../../../Engine/Plugins/Animation/ControlRig/Content/Controls/ControlRig_Arrow4_3mm.uasset" 420
"../../../Engine/Plugins/Animation/ControlRig/Content/Controls/ControlRig_Arrow4_3mm.uexp" 421
"../../../Engine/Plugins/Animation/ControlRig/Content/Controls/ControlRig_Arrow4_1mm.ubulk" 422
"../../../Engine/Plugins/Animation/ControlRig/Content/Controls/ControlRig_Arrow4_1mm.uasset" 423
"../../../Engine/Plugins/Animation/ControlRig/Content/Controls/ControlRig_Arrow4_1mm.uexp" 424
"../../../Engine/Plugins/Animation/ControlRig/Content/Controls/ControlRig_Arrow2_solid.ubulk" 425
"../../../Engine/Plugins/Animation/ControlRig/Content/Controls/ControlRig_Arrow2_solid.uasset" 426
"../../../Engine/Plugins/Animation/ControlRig/Content/Controls/ControlRig_Arrow2_solid.uexp" 427
"../../../Engine/Plugins/Animation/ControlRig/Content/Controls/ControlRig_Arrow2_3mm.ubulk" 428
"../../../Engine/Plugins/Animation/ControlRig/Content/Controls/ControlRig_Arrow2_3mm.uasset" 429
"../../../Engine/Plugins/Animation/ControlRig/Content/Controls/ControlRig_Arrow2_3mm.uexp" 430
"../../../Engine/Plugins/Animation/ControlRig/Content/Controls/ControlRig_Arrow2_1mm.ubulk" 431
"../../../Engine/Plugins/Animation/ControlRig/Content/Controls/ControlRig_Arrow2_1mm.uasset" 432
"../../../Engine/Plugins/Animation/ControlRig/Content/Controls/ControlRig_Arrow2_1mm.uexp" 433
"../../../Engine/Plugins/Animation/ControlRig/Content/Controls/ControlRigXRayMaterial.uasset" 434
"../../../Engine/Plugins/Animation/ControlRig/Content/Controls/ControlRigXRayMaterial.uexp" 435
"../../../Engine/Plugins/Animation/ControlRig/Content/Controls/ControlRigGizmoMaterial.uasset" 436
"../../../Engine/Plugins/Animation/ControlRig/Content/Controls/ControlRigGizmoMaterial.uexp" 437
"../../../Engine/Plugins/2D/Paper2D/Content/DefaultSpriteMaterial.uasset" 438
"../../../Engine/Plugins/2D/Paper2D/Content/DefaultSpriteMaterial.uexp" 439
"../../../Engine/Plugins/2D/Paper2D/Content/OpaqueUnlitSpriteMaterial.uasset" 440
"../../../Engine/Plugins/2D/Paper2D/Content/OpaqueUnlitSpriteMaterial.uexp" 441
"../../../Engine/Plugins/2D/Paper2D/Content/MaskedUnlitSpriteMaterial.uasset" 442
"../../../Engine/Plugins/2D/Paper2D/Content/MaskedUnlitSpriteMaterial.uexp" 443
"../../../Engine/Content/EngineSky/T_Sky_Stars.ubulk" 444
"../../../Engine/Content/EngineSky/T_Sky_Stars.uasset" 445
"../../../Engine/Content/EngineSky/T_Sky_Stars.uexp" 446
"../../../Engine/Content/EngineSky/T_Sky_Clouds_M.ubulk" 447
"../../../Engine/Content/EngineSky/T_Sky_Clouds_M.uasset" 448
"../../../Engine/Content/EngineSky/T_Sky_Clouds_M.uexp" 449
"../../../Engine/Content/EngineSky/T_Sky_Blue.ubulk" 450
"../../../Engine/Content/EngineSky/T_Sky_Blue.uasset" 451
"../../../Engine/Content/EngineSky/T_Sky_Blue.uexp" 452
"../../../Engine/Content/EngineSky/M_Sky_Panning_Clouds2.uasset" 453
"../../../Engine/Content/EngineSky/M_Sky_Panning_Clouds2.uexp" 454
"../../../Engine/Content/EngineSky/SM_SkySphere.ubulk" 455
"../../../Engine/Content/EngineSky/SM_SkySphere.uasset" 456
"../../../Engine/Content/EngineSky/SM_SkySphere.uexp" 457
"../../../Engine/Content/EngineSky/M_SimpleSkyDome.uasset" 458
"../../../Engine/Content/EngineSky/M_SimpleSkyDome.uexp" 459
"../../../Engine/Content/EngineResources/Black.uasset" 460
"../../../Engine/Content/EngineResources/Black.uexp" 461
"../../../Engine/Content/EngineResources/WhiteSquareTexture.uasset" 462
"../../../Engine/Content/EngineResources/WhiteSquareTexture.uexp" 463
"../../../Engine/Content/EngineMaterials/Widget3DPassThrough.uasset" 464
"../../../Engine/Content/EngineMaterials/Widget3DPassThrough.uexp" 465
"../../../Engine/Content/EngineMaterials/Widget3DPassThrough_Translucent.uasset" 466
"../../../Engine/Content/EngineMaterials/Widget3DPassThrough_Translucent.uexp" 467
"../../../Engine/Content/EngineMaterials/Widget3DPassThrough_Translucent_OneSided.uasset" 468
"../../../Engine/Content/EngineMaterials/Widget3DPassThrough_Translucent_OneSided.uexp" 469
"../../../Engine/Content/EngineMaterials/Widget3DPassThrough_Opaque.uasset" 470
"../../../Engine/Content/EngineMaterials/Widget3DPassThrough_Opaque.uexp" 471
"../../../Engine/Content/EngineMaterials/Widget3DPassThrough_Opaque_OneSided.uasset" 472
"../../../Engine/Content/EngineMaterials/Widget3DPassThrough_Opaque_OneSided.uexp" 473
"../../../Engine/Content/EngineMaterials/Widget3DPassThrough_Masked_OneSided.uasset" 474
"../../../Engine/Content/EngineMaterials/Widget3DPassThrough_Masked_OneSided.uexp" 475
"../../../Engine/Content/EngineMaterials/Widget3DPassThrough_Masked.uasset" 476
"../../../Engine/Content/EngineMaterials/Widget3DPassThrough_Masked.uexp" 477
"../../../Engine/Content/EngineMaterials/WeightMapPlaceholderTexture.uasset" 478
"../../../Engine/Content/EngineMaterials/WeightMapPlaceholderTexture.uexp" 479
"../../../Engine/Content/EngineMaterials/WeightMapArrayPlaceholderTexture.uasset" 480
"../../../Engine/Content/EngineMaterials/WeightMapArrayPlaceholderTexture.uexp" 481
"../../../Engine/Content/EngineMaterials/RemoveSurfaceMaterial.uasset" 482
"../../../Engine/Content/EngineMaterials/RemoveSurfaceMaterial.uexp" 483
"../../../Engine/Content/EngineMaterials/PreintegratedSkinBRDF.uasset" 484
"../../../Engine/Content/EngineMaterials/PreintegratedSkinBRDF.uexp" 485
"../../../Engine/Content/EngineMaterials/DefaultCalibrationGrayscale.uasset" 486
"../../../Engine/Content/EngineMaterials/DefaultCalibrationGrayscale.uexp" 487
"../../../Engine/Content/EngineMaterials/PPM_DefaultCalibrationGrayscale.uasset" 488
"../../../Engine/Content/EngineMaterials/PPM_DefaultCalibrationGrayscale.uexp" 489
"../../../Engine/Content/EngineMaterials/DefaultCalibrationColor.uasset" 490
"../../../Engine/Content/EngineMaterials/DefaultCalibrationColor.uexp" 491
"../../../Engine/Content/EngineMaterials/PPM_DefaultCalibrationColor.uasset" 492
"../../../Engine/Content/EngineMaterials/PPM_DefaultCalibrationColor.uexp" 493
"../../../Engine/Content/EngineMaterials/PhAT_JointLimitMaterial.uasset" 494
"../../../Engine/Content/EngineMaterials/PhAT_JointLimitMaterial.uexp" 495
"../../../Engine/Content/EngineMaterials/NaniteHiddenSectionMaterial.uasset" 496
"../../../Engine/Content/EngineMaterials/NaniteHiddenSectionMaterial.uexp" 497
"../../../Engine/Content/EngineMaterials/InvalidLightmapSettings.ubulk" 498
"../../../Engine/Content/EngineMaterials/InvalidLightmapSettings.uasset" 499
"../../../Engine/Content/EngineMaterials/InvalidLightmapSettings.uexp" 500
"../../../Engine/Content/EngineMaterials/M_InvalidLightmapSettings.uasset" 501
"../../../Engine/Content/EngineMaterials/M_InvalidLightmapSettings.uexp" 502
"../../../Engine/Content/EngineMaterials/MiniFont.uasset" 503
"../../../Engine/Content/EngineMaterials/MiniFont.uexp" 504
"../../../Engine/Content/EngineMaterials/GizmoMaterial.uasset" 505
"../../../Engine/Content/EngineMaterials/GizmoMaterial.uexp" 506
"../../../Engine/Content/EngineMaterials/BaseFlattenEmissiveMap_VT.uasset" 507
"../../../Engine/Content/EngineMaterials/BaseFlattenEmissiveMap_VT.uexp" 508
"../../../Engine/Content/EngineMaterials/BaseFlattenGrayscaleMap_VT.uasset" 509
"../../../Engine/Content/EngineMaterials/BaseFlattenGrayscaleMap_VT.uexp" 510
"../../../Engine/Content/EngineMaterials/BaseFlattenLinearColor_VT.uasset" 511
"../../../Engine/Content/EngineMaterials/BaseFlattenLinearColor_VT.uexp" 512
"../../../Engine/Content/EngineMaterials/Black_1x1_EXR_Texture_VT.uasset" 513
"../../../Engine/Content/EngineMaterials/Black_1x1_EXR_Texture_VT.uexp" 514
"../../../Engine/Content/EngineMaterials/BaseFlattenDiffuseMap_VT.uasset" 515
"../../../Engine/Content/EngineMaterials/BaseFlattenDiffuseMap_VT.uexp" 516
"../../../Engine/Content/EngineMaterials/BaseFlattenNormalMap_VT.uasset" 517
"../../../Engine/Content/EngineMaterials/BaseFlattenNormalMap_VT.uexp" 518
"../../../Engine/Content/EngineMaterials/FlattenMaterial_WS_Normal_VT.uasset" 519
"../../../Engine/Content/EngineMaterials/FlattenMaterial_WS_Normal_VT.uexp" 520
"../../../Engine/Content/EngineMaterials/FlattenMaterial_VT.uasset" 521
"../../../Engine/Content/EngineMaterials/FlattenMaterial_VT.uexp" 522
"../../../Engine/Content/EngineMaterials/BaseFlattenNormalMap.uasset" 523
"../../../Engine/Content/EngineMaterials/BaseFlattenNormalMap.uexp" 524
"../../../Engine/Content/EngineMaterials/BaseFlattenGrayscaleMap.uasset" 525
"../../../Engine/Content/EngineMaterials/BaseFlattenGrayscaleMap.uexp" 526
"../../../Engine/Content/EngineMaterials/BaseFlattenDiffuseMap.uasset" 527
"../../../Engine/Content/EngineMaterials/BaseFlattenDiffuseMap.uexp" 528
"../../../Engine/Content/Functions/Engine_MaterialFunctions02/PivotPainter2/Black_1x1_EXR_Texture.uasset" 529
"../../../Engine/Content/Functions/Engine_MaterialFunctions02/PivotPainter2/Black_1x1_EXR_Texture.uexp" 530
"../../../Engine/Content/EngineMaterials/BaseFlattenEmissiveMap.uasset" 531
"../../../Engine/Content/EngineMaterials/BaseFlattenEmissiveMap.uexp" 532
"../../../Engine/Content/EngineMaterials/BaseFlattenLinearColor.uasset" 533
"../../../Engine/Content/EngineMaterials/BaseFlattenLinearColor.uexp" 534
"../../../Engine/Content/EngineMaterials/FlattenMaterial.uasset" 535
"../../../Engine/Content/EngineMaterials/FlattenMaterial.uexp" 536
"../../../Engine/Content/EngineMaterials/FastBlueNoise_vec2_128x128x64.uasset" 537
"../../../Engine/Content/EngineMaterials/FastBlueNoise_vec2_128x128x64.uexp" 538
"../../../Engine/Content/EngineMaterials/FastBlueNoise_scalar_128x128x64.uasset" 539
"../../../Engine/Content/EngineMaterials/FastBlueNoise_scalar_128x128x64.uexp" 540
"../../../Engine/Content/EngineMaterials/DefaultWhiteGrid_Low.uasset" 541
"../../../Engine/Content/EngineMaterials/DefaultWhiteGrid_Low.uexp" 542
"../../../Engine/Content/EngineMaterials/EmissiveMeshMaterial.uasset" 543
"../../../Engine/Content/EngineMaterials/EmissiveMeshMaterial.uexp" 544
"../../../Engine/Content/EngineMaterials/DefaultWhiteGrid.ubulk" 545
"../../../Engine/Content/EngineMaterials/DefaultWhiteGrid.uasset" 546
"../../../Engine/Content/EngineMaterials/DefaultWhiteGrid.uexp" 547
"../../../Engine/Content/EngineFonts/RobotoDistanceField.uasset" 548
"../../../Engine/Content/EngineFonts/RobotoDistanceField.uexp" 549
"../../../Engine/Content/EngineMaterials/DefaultTextMaterialOpaque.uasset" 550
"../../../Engine/Content/EngineMaterials/DefaultTextMaterialOpaque.uexp" 551
"../../../Engine/Content/EngineMaterials/DefaultDiffuse.ubulk" 552
"../../../Engine/Content/EngineMaterials/DefaultDiffuse.uasset" 553
"../../../Engine/Content/EngineMaterials/DefaultDiffuse.uexp" 554
"../../../Engine/Content/EngineMaterials/DefaultPostProcessMaterial.uasset" 555
"../../../Engine/Content/EngineMaterials/DefaultPostProcessMaterial.uexp" 556
"../../../Engine/Content/EngineMaterials/DefaultLightFunctionMaterial.uasset" 557
"../../../Engine/Content/EngineMaterials/DefaultLightFunctionMaterial.uexp" 558
"../../../Engine/Content/EngineMaterials/DefaultDeferredDecalMaterial.uasset" 559
"../../../Engine/Content/EngineMaterials/DefaultDeferredDecalMaterial.uexp" 560
"../../../Engine/Content/EngineMaterials/DefaultBokeh.uasset" 561
"../../../Engine/Content/EngineMaterials/DefaultBokeh.uexp" 562
"../../../Engine/Content/EngineMaterials/DefaultBloomKernel.uasset" 563
"../../../Engine/Content/EngineMaterials/DefaultBloomKernel.uexp" 564
"../../../Engine/Content/Functions/Engine_MaterialFunctions02/Utility/CameraDirectionVector.uasset" 565
"../../../Engine/Content/Functions/Engine_MaterialFunctions02/Utility/CameraDirectionVector.uexp" 566
"../../../Engine/Content/EngineDebugMaterials/VolumeToRender.uasset" 567
"../../../Engine/Content/EngineDebugMaterials/VolumeToRender.uexp" 568
"../../../Engine/Content/EngineDebugMaterials/M_VolumeRenderSphereTracePP.uasset" 569
"../../../Engine/Content/EngineDebugMaterials/M_VolumeRenderSphereTracePP.uexp" 570
"../../../Engine/Content/EngineDebugMaterials/M_SimpleUnlitTranslucent.uasset" 571
"../../../Engine/Content/EngineDebugMaterials/M_SimpleUnlitTranslucent.uexp" 572
"../../../Engine/Content/EngineDebugMaterials/DebugMeshMaterial.uasset" 573
"../../../Engine/Content/EngineDebugMaterials/DebugMeshMaterial.uexp" 574
"../../../Engine/Content/EngineDebugMaterials/DebugEditorMaterial.uasset" 575
"../../../Engine/Content/EngineDebugMaterials/DebugEditorMaterial.uexp" 576
"../../../Engine/Content/EngineDamageTypes/DmgTypeBP_Environmental.uasset" 577
"../../../Engine/Content/EngineDamageTypes/DmgTypeBP_Environmental.uexp" 578
"../../../Engine/Content/EditorResources/S_Terrain.ubulk" 579
"../../../Engine/Content/EditorResources/S_Terrain.uasset" 580
"../../../Engine/Content/EditorResources/S_Terrain.uexp" 581
"../../../Engine/Content/EditorResources/S_Solver.ubulk" 582
"../../../Engine/Content/EditorResources/S_Solver.uasset" 583
"../../../Engine/Content/EditorResources/S_Solver.uexp" 584
"../../../Engine/Content/EditorResources/EmptyActor.uasset" 585
"../../../Engine/Content/EditorResources/EmptyActor.uexp" 586
"../../../Engine/Content/EditorResources/BSPVertex.uasset" 587
"../../../Engine/Content/EditorResources/BSPVertex.uexp" 588
"../../../Engine/Content/EditorMaterials/PreviewShadowIndicator.ubulk" 589
"../../../Engine/Content/EditorMaterials/PreviewShadowIndicator.uasset" 590
"../../../Engine/Content/EditorMaterials/PreviewShadowIndicator.uexp" 591
"../../../Engine/Content/EditorMaterials/PreviewShadowIndicatorMaterial.uasset" 592
"../../../Engine/Content/EditorMaterials/PreviewShadowIndicatorMaterial.uexp" 593
"../../../Engine/Content/EditorMaterials/PhAT_UnselectedMaterial.uasset" 594
"../../../Engine/Content/EditorMaterials/PhAT_UnselectedMaterial.uexp" 595
"../../../Engine/Content/EditorMaterials/PhAT_NoCollisionMaterial.uasset" 596
"../../../Engine/Content/EditorMaterials/PhAT_NoCollisionMaterial.uexp" 597
"../../../Engine/Content/EditorLandscapeResources/SplineEditorMeshMat.uasset" 598
"../../../Engine/Content/EditorLandscapeResources/SplineEditorMeshMat.uexp" 599
"../../../Engine/Content/EditorLandscapeResources/SplineEditorMesh.ubulk" 600
"../../../Engine/Content/EditorLandscapeResources/SplineEditorMesh.uasset" 601
"../../../Engine/Content/EditorLandscapeResources/SplineEditorMesh.uexp" 602
"../../../Engine/Content/EditorLandscapeResources/DefaultAlphaTexture.uasset" 603
"../../../Engine/Content/EditorLandscapeResources/DefaultAlphaTexture.uexp" 604
"../../../Engine/Content/BasicShapes/Plane.ubulk" 605
"../../../Engine/Content/BasicShapes/Plane.uasset" 606
"../../../Engine/Content/BasicShapes/Plane.uexp" 607
"../../../Engine/Content/EngineMaterials/DefaultMaterial.uasset" 608
"../../../Engine/Content/EngineMaterials/DefaultMaterial.uexp" 609
"../../../Engine/Content/BasicShapes/Cone.ubulk" 610
"../../../Engine/Content/BasicShapes/Cone.uasset" 611
"../../../Engine/Content/BasicShapes/Cone.uexp" 612
"../../../Engine/Content/VREditor/TransformGizmo/Main.uasset" 613
"../../../Engine/Content/VREditor/TransformGizmo/Main.uexp" 614
"../../../Engine/Content/VREditor/TransformGizmo/Xray.uasset" 615
"../../../Engine/Content/VREditor/TransformGizmo/Xray.uexp" 616
"../../../Engine/Content/VREditor/TransformGizmo/SM_Sequencer_Node.ubulk" 617
"../../../Engine/Content/VREditor/TransformGizmo/SM_Sequencer_Node.uasset" 618
"../../../Engine/Content/VREditor/TransformGizmo/SM_Sequencer_Node.uexp" 619
"../../../Engine/Content/VREditor/LaserPointer/VR_LaserPower_01.ubulk" 620
"../../../Engine/Content/VREditor/LaserPointer/VR_LaserPower_01.uasset" 621
"../../../Engine/Content/VREditor/LaserPointer/VR_LaserPower_01.uexp" 622
"../../../Engine/Content/VREditor/TransformGizmo/TransformGizmoMaterial.uasset" 623
"../../../Engine/Content/VREditor/TransformGizmo/TransformGizmoMaterial.uexp" 624
"../../../Engine/Content/VREditor/TransformGizmo/TranslucentTransformGizmoMaterial.uasset" 625
"../../../Engine/Content/VREditor/TransformGizmo/TranslucentTransformGizmoMaterial.uexp" 626
"../../../Engine/Content/VREditor/TransformGizmo/BoundingBoxEdge.ubulk" 627
"../../../Engine/Content/VREditor/TransformGizmo/BoundingBoxEdge.uasset" 628
"../../../Engine/Content/VREditor/TransformGizmo/BoundingBoxEdge.uexp" 629
"../../../Engine/Content/VREditor/TransformGizmo/BoundingBoxCorner.ubulk" 630
"../../../Engine/Content/VREditor/TransformGizmo/BoundingBoxCorner.uasset" 631
"../../../Engine/Content/VREditor/TransformGizmo/BoundingBoxCorner.uexp" 632
"../../../Engine/Content/EngineSky/VolumetricClouds/T_CloudMask.ubulk" 633
"../../../Engine/Content/EngineSky/VolumetricClouds/T_CloudMask.uasset" 634
"../../../Engine/Content/EngineSky/VolumetricClouds/T_CloudMask.uexp" 635
"../../../Engine/Content/EngineSky/VolumetricClouds/VT_Lightning.uasset" 636
"../../../Engine/Content/EngineSky/VolumetricClouds/VT_Lightning.uexp" 637
"../../../Engine/Content/EngineSky/VolumetricClouds/T_Profile_08.ubulk" 638
"../../../Engine/Content/EngineSky/VolumetricClouds/T_Profile_08.uasset" 639
"../../../Engine/Content/EngineSky/VolumetricClouds/T_Profile_08.uexp" 640
"../../../Engine/Content/Functions/Engine_MaterialFunctions02/Utility/MakeFloat4.uasset" 641
"../../../Engine/Content/Functions/Engine_MaterialFunctions02/Utility/MakeFloat4.uexp" 642
"../../../Engine/Content/Functions/Engine_MaterialFunctions01/Units/Km-to-Cm.uasset" 643
"../../../Engine/Content/Functions/Engine_MaterialFunctions01/Units/Km-to-Cm.uexp" 644
"../../../Engine/Content/Functions/Engine_MaterialFunctions02/Utility/BreakOutFloat4Components.uasset" 645
"../../../Engine/Content/Functions/Engine_MaterialFunctions02/Utility/BreakOutFloat4Components.uexp" 646
"../../../Engine/Content/EngineSky/VolumetricClouds/T_CloudPattern.ubulk" 647
"../../../Engine/Content/EngineSky/VolumetricClouds/T_CloudPattern.uasset" 648
"../../../Engine/Content/EngineSky/VolumetricClouds/T_CloudPattern.uexp" 649
"../../../Engine/Content/EngineSky/VolumetricClouds/VT_PerlinWorley_Balanced.uasset" 650
"../../../Engine/Content/EngineSky/VolumetricClouds/VT_PerlinWorley_Balanced.uexp" 651
"../../../Engine/Content/EngineSky/VolumetricClouds/m_SimpleVolumetricCloud.uasset" 652
"../../../Engine/Content/EngineSky/VolumetricClouds/m_SimpleVolumetricCloud.uexp" 653
"../../../Engine/Content/EngineSky/VolumetricClouds/m_SimpleVolumetricCloud_Inst.uasset" 654
"../../../Engine/Content/EngineSky/VolumetricClouds/m_SimpleVolumetricCloud_Inst.uexp" 655
"../../../Engine/Content/EngineResources/FilmGrains/Marcie_Grain_v3_128_M2_000.uasset" 656
"../../../Engine/Content/EngineResources/FilmGrains/Marcie_Grain_v3_128_M2_000.uexp" 657
"../../../Engine/Content/EngineMaterials/LTC/Sheen_LTC.uasset" 658
"../../../Engine/Content/EngineMaterials/LTC/Sheen_LTC.uexp" 659
"../../../Engine/Content/EngineMaterials/LTC/GGX_LTCMat.uasset" 660
"../../../Engine/Content/EngineMaterials/LTC/GGX_LTCMat.uexp" 661
"../../../Engine/Content/EngineMaterials/LTC/GGX_LTCAmp.uasset" 662
"../../../Engine/Content/EngineMaterials/LTC/GGX_LTCAmp.uexp" 663
"../../../Engine/Content/EngineMaterials/EnergyConservation/Sheen_Energy.uasset" 664
"../../../Engine/Content/EngineMaterials/EnergyConservation/Sheen_Energy.uexp" 665
"../../../Engine/Content/EngineMaterials/EnergyConservation/SheenLegacy_Energy.uasset" 666
"../../../Engine/Content/EngineMaterials/EnergyConservation/SheenLegacy_Energy.uexp" 667
"../../../Engine/Content/EngineMaterials/EnergyConservation/GGX_TransmissionEnergyArray.uasset" 668
"../../../Engine/Content/EngineMaterials/EnergyConservation/GGX_TransmissionEnergyArray.uexp" 669
"../../../Engine/Content/EngineMaterials/EnergyConservation/GGX_ReflectionEnergy.uasset" 670
"../../../Engine/Content/EngineMaterials/EnergyConservation/GGX_ReflectionEnergy.uexp" 671
"../../../Engine/Content/EngineMaterials/EnergyConservation/Diffuse_Energy.uasset" 672
"../../../Engine/Content/EngineMaterials/EnergyConservation/Diffuse_Energy.uexp" 673
"../../../Engine/Content/EditorResources/SequenceRecorder/RecordingIndicator.uasset" 674
"../../../Engine/Content/EditorResources/SequenceRecorder/RecordingIndicator.uexp" 675
"../../../Engine/Content/EditorResources/SequenceRecorder/Countdown.uasset" 676
"../../../Engine/Content/EditorResources/SequenceRecorder/Countdown.uexp" 677
"../../../Engine/Content/EditorMaterials/Camera/CineMat.uasset" 678
"../../../Engine/Content/EditorMaterials/Camera/CineMat.uexp" 679
"../../../Engine/Content/EditorMaterials/Camera/MI_CineMat_Rig.uasset" 680
"../../../Engine/Content/EditorMaterials/Camera/MI_CineMat_Rig.uexp" 681
"../../../Engine/Content/EditorMeshes/Camera/SM_RailRig_Track.ubulk" 682
"../../../Engine/Content/EditorMeshes/Camera/SM_RailRig_Track.uasset" 683
"../../../Engine/Content/EditorMeshes/Camera/SM_RailRig_Track.uexp" 684
"../../../Engine/Content/EditorMeshes/Camera/SM_RailRig_Mount.ubulk" 685
"../../../Engine/Content/EditorMeshes/Camera/SM_RailRig_Mount.uasset" 686
"../../../Engine/Content/EditorMeshes/Camera/SM_RailRig_Mount.uexp" 687
"../../../Engine/Content/EditorMeshes/Camera/SM_CraneRig_Mount.ubulk" 688
"../../../Engine/Content/EditorMeshes/Camera/SM_CraneRig_Mount.uasset" 689
"../../../Engine/Content/EditorMeshes/Camera/SM_CraneRig_Mount.uexp" 690
"../../../Engine/Content/EditorMeshes/Camera/SM_CraneRig_Body.ubulk" 691
"../../../Engine/Content/EditorMeshes/Camera/SM_CraneRig_Body.uasset" 692
"../../../Engine/Content/EditorMeshes/Camera/SM_CraneRig_Body.uexp" 693
"../../../Engine/Content/EditorMeshes/Camera/SM_CraneRig_Base.ubulk" 694
"../../../Engine/Content/EditorMeshes/Camera/SM_CraneRig_Base.uasset" 695
"../../../Engine/Content/EditorMeshes/Camera/SM_CraneRig_Base.uexp" 696
"../../../Engine/Content/EditorMeshes/Camera/SM_CraneRig_Arm.ubulk" 697
"../../../Engine/Content/EditorMeshes/Camera/SM_CraneRig_Arm.uasset" 698
"../../../Engine/Content/EditorMeshes/Camera/SM_CraneRig_Arm.uexp" 699
"../../../Engine/Content/EditorMaterials/ParticleSystems/PSysThumbnail_OOD.ubulk" 700
"../../../Engine/Content/EditorMaterials/ParticleSystems/PSysThumbnail_OOD.uasset" 701
"../../../Engine/Content/EditorMaterials/ParticleSystems/PSysThumbnail_OOD.uexp" 702
"../../../Engine/Content/EditorMaterials/ParticleSystems/PSysThumbnail_NoImage.ubulk" 703
"../../../Engine/Content/EditorMaterials/ParticleSystems/PSysThumbnail_NoImage.uasset" 704
"../../../Engine/Content/EditorMaterials/ParticleSystems/PSysThumbnail_NoImage.uexp" 705
"../../../Engine/Content/EditorMaterials/Dataflow/DataflowVertexMaterial.uasset" 706
"../../../Engine/Content/EditorMaterials/Dataflow/DataflowVertexMaterial.uexp" 707
"../../../Engine/Content/EditorMaterials/Dataflow/DataflowTwoSidedVertexMaterial.uasset" 708
"../../../Engine/Content/EditorMaterials/Dataflow/DataflowTwoSidedVertexMaterial.uexp" 709
"C:/Users/marce/Desktop/Mobile/ballgame/Content/LevelPrototyping/Textures/T_GridChecker_A.ubulk" 710
"C:/Users/marce/Desktop/Mobile/ballgame/Content/LevelPrototyping/Textures/T_GridChecker_A.uasset" 711
"C:/Users/marce/Desktop/Mobile/ballgame/Content/LevelPrototyping/Textures/T_GridChecker_A.uexp" 712
"../../../Engine/Content/Functions/Engine_MaterialFunctions01/Gradient/LinearGradient.uasset" 713
"../../../Engine/Content/Functions/Engine_MaterialFunctions01/Gradient/LinearGradient.uexp" 714
"../../../Engine/Content/Functions/Engine_MaterialFunctions01/ImageAdjustment/CheapContrast.uasset" 715
"../../../Engine/Content/Functions/Engine_MaterialFunctions01/ImageAdjustment/CheapContrast.uexp" 716
"C:/Users/marce/Desktop/Mobile/ballgame/Content/LevelPrototyping/Materials/MF_ProcGrid.uasset" 717
"C:/Users/marce/Desktop/Mobile/ballgame/Content/LevelPrototyping/Materials/MF_ProcGrid.uexp" 718
"C:/Users/marce/Desktop/Mobile/ballgame/Content/LevelPrototyping/Materials/M_PrototypeGrid.uasset" 719
"C:/Users/marce/Desktop/Mobile/ballgame/Content/LevelPrototyping/Materials/M_PrototypeGrid.uexp" 720
"C:/Users/marce/Desktop/Mobile/ballgame/Content/LevelPrototyping/Materials/MI_PrototypeGrid_Gray.uasset" 721
"C:/Users/marce/Desktop/Mobile/ballgame/Content/LevelPrototyping/Materials/MI_PrototypeGrid_Gray.uexp" 722
"C:/Users/marce/Desktop/Mobile/ballgame/Content/LevelPrototyping/Meshes/SM_Cube.ubulk" 723
"C:/Users/marce/Desktop/Mobile/ballgame/Content/LevelPrototyping/Meshes/SM_Cube.uasset" 724
"C:/Users/marce/Desktop/Mobile/ballgame/Content/LevelPrototyping/Meshes/SM_Cube.uexp" 725
"../../../Engine/Plugins/Interchange/Assets/Content/gltf/Textures/T_White_srgb.uasset" 726
"../../../Engine/Plugins/Interchange/Assets/Content/gltf/Textures/T_White_srgb.uexp" 727
"../../../Engine/Plugins/Interchange/Assets/Content/gltf/MaterialFunctions/MF_BaseColor.uasset" 728
"../../../Engine/Plugins/Interchange/Assets/Content/gltf/MaterialFunctions/MF_BaseColor.uexp" 729
"../../../Engine/Plugins/Interchange/Assets/Content/gltf/MaterialFunctions/MF_RotateV2.uasset" 730
"../../../Engine/Plugins/Interchange/Assets/Content/gltf/MaterialFunctions/MF_RotateV2.uexp" 731
"../../../Engine/Plugins/Interchange/Assets/Content/gltf/MaterialFunctions/MF_TransformUVs.uasset" 732
"../../../Engine/Plugins/Interchange/Assets/Content/gltf/MaterialFunctions/MF_TransformUVs.uexp" 733
"../../../Engine/Plugins/Interchange/Assets/Content/gltf/MaterialBodies/MF_Unlit_Body.uasset" 734
"../../../Engine/Plugins/Interchange/Assets/Content/gltf/MaterialBodies/MF_Unlit_Body.uexp" 735
"../../../Engine/Plugins/Interchange/Assets/Content/gltf/M_Unlit.uasset" 736
"../../../Engine/Plugins/Interchange/Assets/Content/gltf/M_Unlit.uexp" 737
"../../../Engine/Plugins/Interchange/Assets/Content/gltf/MaterialInstances/MI_Unlit_Opaque_DS.uasset" 738
"../../../Engine/Plugins/Interchange/Assets/Content/gltf/MaterialInstances/MI_Unlit_Opaque_DS.uexp" 739
"../../../Engine/Plugins/Interchange/Assets/Content/gltf/MaterialInstances/MI_Unlit_Opaque.uasset" 740
"../../../Engine/Plugins/Interchange/Assets/Content/gltf/MaterialInstances/MI_Unlit_Opaque.uexp" 741
"../../../Engine/Plugins/Interchange/Assets/Content/gltf/MaterialInstances/MI_Unlit_Mask_DS.uasset" 742
"../../../Engine/Plugins/Interchange/Assets/Content/gltf/MaterialInstances/MI_Unlit_Mask_DS.uexp" 743
"../../../Engine/Plugins/Interchange/Assets/Content/gltf/MaterialInstances/MI_Unlit_Mask.uasset" 744
"../../../Engine/Plugins/Interchange/Assets/Content/gltf/MaterialInstances/MI_Unlit_Mask.uexp" 745
"../../../Engine/Plugins/Interchange/Assets/Content/gltf/MaterialInstances/MI_Unlit_Blend_DS.uasset" 746
"../../../Engine/Plugins/Interchange/Assets/Content/gltf/MaterialInstances/MI_Unlit_Blend_DS.uexp" 747
"../../../Engine/Plugins/Interchange/Assets/Content/gltf/MaterialInstances/MI_Unlit_Blend.uasset" 748
"../../../Engine/Plugins/Interchange/Assets/Content/gltf/MaterialInstances/MI_Unlit_Blend.uexp" 749
"../../../Engine/Content/Functions/Engine_MaterialFunctions02/Math/Transform3x3Matrix.uasset" 750
"../../../Engine/Content/Functions/Engine_MaterialFunctions02/Math/Transform3x3Matrix.uexp" 751
"../../../Engine/Content/EngineMaterials/Good64x64TilingNoiseHighFreq.uasset" 752
"../../../Engine/Content/EngineMaterials/Good64x64TilingNoiseHighFreq.uexp" 753
"../../../Engine/Content/Functions/Engine_MaterialFunctions02/Texturing/ScreenAlignedPixelToPixelUVs.uasset" 754
"../../../Engine/Content/Functions/Engine_MaterialFunctions02/Texturing/ScreenAlignedPixelToPixelUVs.uexp" 755
"../../../Engine/Plugins/Interchange/Assets/Content/gltf/MaterialFunctions/MF_Temporal_Blur.uasset" 756
"../../../Engine/Plugins/Interchange/Assets/Content/gltf/MaterialFunctions/MF_Temporal_Blur.uexp" 757
"../../../Engine/Plugins/Interchange/Assets/Content/gltf/MaterialFunctions/MF_Specular.uasset" 758
"../../../Engine/Plugins/Interchange/Assets/Content/gltf/MaterialFunctions/MF_Specular.uexp" 759
"../../../Engine/Plugins/Interchange/Assets/Content/gltf/Textures/T_Anisotropy_Direction_Linear.uasset" 760
"../../../Engine/Plugins/Interchange/Assets/Content/gltf/Textures/T_Anisotropy_Direction_Linear.uexp" 761
"../../../Engine/Plugins/Interchange/Assets/Content/gltf/MaterialFunctions/MF_SpecularAnisotropy.uasset" 762
"../../../Engine/Plugins/Interchange/Assets/Content/gltf/MaterialFunctions/MF_SpecularAnisotropy.uexp" 763
"../../../Engine/Plugins/Interchange/Assets/Content/gltf/Textures/T_White_Linear.uasset" 764
"../../../Engine/Plugins/Interchange/Assets/Content/gltf/Textures/T_White_Linear.uexp" 765
"../../../Engine/Plugins/Interchange/Assets/Content/gltf/MaterialFunctions/MF_MetallicRoughness.uasset" 766
"../../../Engine/Plugins/Interchange/Assets/Content/gltf/MaterialFunctions/MF_MetallicRoughness.uexp" 767
"../../../Engine/Plugins/Interchange/Assets/Content/gltf/Textures/T_Generic_N.uasset" 768
"../../../Engine/Plugins/Interchange/Assets/Content/gltf/Textures/T_Generic_N.uexp" 769
"../../../Engine/Plugins/Interchange/Assets/Content/gltf/MaterialFunctions/MF_ScaleNormal.uasset" 770
"../../../Engine/Plugins/Interchange/Assets/Content/gltf/MaterialFunctions/MF_ScaleNormal.uexp" 771
"../../../Engine/Plugins/Interchange/Assets/Content/gltf/MaterialFunctions/MF_Fresnel_DS.uasset" 772
"../../../Engine/Plugins/Interchange/Assets/Content/gltf/MaterialFunctions/MF_Fresnel_DS.uexp" 773
"../../../Engine/Plugins/Interchange/Assets/Content/gltf/MaterialFunctions/MF_Iridescence.uasset" 774
"../../../Engine/Plugins/Interchange/Assets/Content/gltf/MaterialFunctions/MF_Iridescence.uexp" 775
"../../../Engine/Plugins/Interchange/Assets/Content/gltf/MaterialFunctions/MF_Occlusion.uasset" 776
"../../../Engine/Plugins/Interchange/Assets/Content/gltf/MaterialFunctions/MF_Occlusion.uexp" 777
"../../../Engine/Plugins/Interchange/Assets/Content/gltf/MaterialFunctions/MF_IOR.uasset" 778
"../../../Engine/Plugins/Interchange/Assets/Content/gltf/MaterialFunctions/MF_IOR.uexp" 779
"../../../Engine/Plugins/Interchange/Assets/Content/gltf/MaterialFunctions/MF_Transmission.uasset" 780
"../../../Engine/Plugins/Interchange/Assets/Content/gltf/MaterialFunctions/MF_Transmission.uexp" 781
"../../../Engine/Plugins/Interchange/Assets/Content/gltf/MaterialFunctions/MF_RotateNormals_TS.uasset" 782
"../../../Engine/Plugins/Interchange/Assets/Content/gltf/MaterialFunctions/MF_RotateNormals_TS.uexp" 783
"../../../Engine/Plugins/Interchange/Assets/Content/gltf/MaterialFunctions/MF_Normals.uasset" 784
"../../../Engine/Plugins/Interchange/Assets/Content/gltf/MaterialFunctions/MF_Normals.uexp" 785
"../../../Engine/Plugins/Interchange/Assets/Content/gltf/MaterialBodies/MF_Transmission_Body.uasset" 786
"../../../Engine/Plugins/Interchange/Assets/Content/gltf/MaterialBodies/MF_Transmission_Body.uexp" 787
"../../../Engine/Plugins/Interchange/Assets/Content/gltf/M_Transmission.uasset" 788
"../../../Engine/Plugins/Interchange/Assets/Content/gltf/M_Transmission.uexp" 789
"../../../Engine/Plugins/Interchange/Assets/Content/gltf/MaterialInstances/MI_Transmission_DS.uasset" 790
"../../../Engine/Plugins/Interchange/Assets/Content/gltf/MaterialInstances/MI_Transmission_DS.uexp" 791
"../../../Engine/Plugins/Interchange/Assets/Content/gltf/MaterialInstances/MI_Transmission.uasset" 792
"../../../Engine/Plugins/Interchange/Assets/Content/gltf/MaterialInstances/MI_Transmission.uexp" 793
"../../../Engine/Content/Functions/Engine_MaterialFunctions02/Math/AddComponents.uasset" 794
"../../../Engine/Content/Functions/Engine_MaterialFunctions02/Math/AddComponents.uexp" 795
"../../../Engine/Plugins/Interchange/Assets/Content/gltf/MaterialFunctions/MF_DiffuseSpecGloss.uasset" 796
"../../../Engine/Plugins/Interchange/Assets/Content/gltf/MaterialFunctions/MF_DiffuseSpecGloss.uexp" 797
"../../../Engine/Plugins/Interchange/Assets/Content/gltf/MaterialFunctions/MF_Emissive.uasset" 798
"../../../Engine/Plugins/Interchange/Assets/Content/gltf/MaterialFunctions/MF_Emissive.uexp" 799
"../../../Engine/Plugins/Interchange/Assets/Content/gltf/MaterialFunctions/MF_PerceivedBrightness.uasset" 800
"../../../Engine/Plugins/Interchange/Assets/Content/gltf/MaterialFunctions/MF_PerceivedBrightness.uexp" 801
"../../../Engine/Plugins/Interchange/Assets/Content/gltf/MaterialFunctions/MF_SpecGlossToMetalRoughness.uasset" 802
"../../../Engine/Plugins/Interchange/Assets/Content/gltf/MaterialFunctions/MF_SpecGlossToMetalRoughness.uexp" 803
"../../../Engine/Plugins/Interchange/Assets/Content/gltf/MaterialFunctions/MF_MaxComponentValue.uasset" 804
"../../../Engine/Plugins/Interchange/Assets/Content/gltf/MaterialFunctions/MF_MaxComponentValue.uexp" 805
"../../../Engine/Plugins/Interchange/Assets/Content/gltf/MaterialBodies/MF_SpecularGlossiness_Body.uasset" 806
"../../../Engine/Plugins/Interchange/Assets/Content/gltf/MaterialBodies/MF_SpecularGlossiness_Body.uexp" 807
"../../../Engine/Plugins/Interchange/Assets/Content/gltf/M_SpecularGlossiness.uasset" 808
"../../../Engine/Plugins/Interchange/Assets/Content/gltf/M_SpecularGlossiness.uexp" 809
"../../../Engine/Plugins/Interchange/Assets/Content/gltf/MaterialInstances/MI_SpecularGlossiness_Opaque_DS.uasset" 810
"../../../Engine/Plugins/Interchange/Assets/Content/gltf/MaterialInstances/MI_SpecularGlossiness_Opaque_DS.uexp" 811
"../../../Engine/Plugins/Interchange/Assets/Content/gltf/MaterialInstances/MI_SpecularGlossiness_Opaque.uasset" 812
"../../../Engine/Plugins/Interchange/Assets/Content/gltf/MaterialInstances/MI_SpecularGlossiness_Opaque.uexp" 813
"../../../Engine/Plugins/Interchange/Assets/Content/gltf/MaterialInstances/MI_SpecularGlossiness_Mask_DS.uasset" 814
"../../../Engine/Plugins/Interchange/Assets/Content/gltf/MaterialInstances/MI_SpecularGlossiness_Mask_DS.uexp" 815
"../../../Engine/Plugins/Interchange/Assets/Content/gltf/MaterialInstances/MI_SpecularGlossiness_Mask.uasset" 816
"../../../Engine/Plugins/Interchange/Assets/Content/gltf/MaterialInstances/MI_SpecularGlossiness_Mask.uexp" 817
"../../../Engine/Plugins/Interchange/Assets/Content/gltf/MaterialInstances/MI_SpecularGlossiness_Blend_DS.uasset" 818
"../../../Engine/Plugins/Interchange/Assets/Content/gltf/MaterialInstances/MI_SpecularGlossiness_Blend_DS.uexp" 819
"../../../Engine/Plugins/Interchange/Assets/Content/gltf/MaterialInstances/MI_SpecularGlossiness_Blend.uasset" 820
"../../../Engine/Plugins/Interchange/Assets/Content/gltf/MaterialInstances/MI_SpecularGlossiness_Blend.uexp" 821
"../../../Engine/Plugins/Interchange/Assets/Content/gltf/MaterialFunctions/MF_Sheen.uasset" 822
"../../../Engine/Plugins/Interchange/Assets/Content/gltf/MaterialFunctions/MF_Sheen.uexp" 823
"../../../Engine/Plugins/Interchange/Assets/Content/gltf/MaterialBodies/MF_Sheen_Body.uasset" 824
"../../../Engine/Plugins/Interchange/Assets/Content/gltf/MaterialBodies/MF_Sheen_Body.uexp" 825
"../../../Engine/Plugins/Interchange/Assets/Content/gltf/M_Sheen.uasset" 826
"../../../Engine/Plugins/Interchange/Assets/Content/gltf/M_Sheen.uexp" 827
"../../../Engine/Plugins/Interchange/Assets/Content/gltf/MaterialInstances/MI_Sheen_Opaque_DS.uasset" 828
"../../../Engine/Plugins/Interchange/Assets/Content/gltf/MaterialInstances/MI_Sheen_Opaque_DS.uexp" 829
"../../../Engine/Plugins/Interchange/Assets/Content/gltf/MaterialInstances/MI_Sheen_Opaque.uasset" 830
"../../../Engine/Plugins/Interchange/Assets/Content/gltf/MaterialInstances/MI_Sheen_Opaque.uexp" 831
"../../../Engine/Plugins/Interchange/Assets/Content/gltf/MaterialInstances/MI_Sheen_Mask_DS.uasset" 832
"../../../Engine/Plugins/Interchange/Assets/Content/gltf/MaterialInstances/MI_Sheen_Mask_DS.uexp" 833
"../../../Engine/Plugins/Interchange/Assets/Content/gltf/MaterialInstances/MI_Sheen_Mask.uasset" 834
"../../../Engine/Plugins/Interchange/Assets/Content/gltf/MaterialInstances/MI_Sheen_Mask.uexp" 835
"../../../Engine/Plugins/Interchange/Assets/Content/gltf/MaterialInstances/MI_Sheen_Blend_DS.uasset" 836
"../../../Engine/Plugins/Interchange/Assets/Content/gltf/MaterialInstances/MI_Sheen_Blend_DS.uexp" 837
"../../../Engine/Plugins/Interchange/Assets/Content/gltf/MaterialInstances/MI_Sheen_Blend.uasset" 838
"../../../Engine/Plugins/Interchange/Assets/Content/gltf/MaterialInstances/MI_Sheen_Blend.uexp" 839
"../../../Engine/Plugins/Interchange/Assets/Content/gltf/MaterialBodies/MF_Default_Body.uasset" 840
"../../../Engine/Plugins/Interchange/Assets/Content/gltf/MaterialBodies/MF_Default_Body.uexp" 841
"../../../Engine/Plugins/Interchange/Assets/Content/gltf/M_Default.uasset" 842
"../../../Engine/Plugins/Interchange/Assets/Content/gltf/M_Default.uexp" 843
"../../../Engine/Plugins/Interchange/Assets/Content/gltf/MaterialInstances/MI_Default_Opaque_DS.uasset" 844
"../../../Engine/Plugins/Interchange/Assets/Content/gltf/MaterialInstances/MI_Default_Opaque_DS.uexp" 845
"../../../Engine/Plugins/Interchange/Assets/Content/gltf/MaterialInstances/MI_Default_Opaque.uasset" 846
"../../../Engine/Plugins/Interchange/Assets/Content/gltf/MaterialInstances/MI_Default_Opaque.uexp" 847
"../../../Engine/Plugins/Interchange/Assets/Content/gltf/MaterialInstances/MI_Default_Mask_DS.uasset" 848
"../../../Engine/Plugins/Interchange/Assets/Content/gltf/MaterialInstances/MI_Default_Mask_DS.uexp" 849
"../../../Engine/Plugins/Interchange/Assets/Content/gltf/MaterialInstances/MI_Default_Mask.uasset" 850
"../../../Engine/Plugins/Interchange/Assets/Content/gltf/MaterialInstances/MI_Default_Mask.uexp" 851
"../../../Engine/Plugins/Interchange/Assets/Content/gltf/MaterialInstances/MI_Default_Blend_DS.uasset" 852
"../../../Engine/Plugins/Interchange/Assets/Content/gltf/MaterialInstances/MI_Default_Blend_DS.uexp" 853
"../../../Engine/Plugins/Interchange/Assets/Content/gltf/MaterialInstances/MI_Default_Blend.uasset" 854
"../../../Engine/Plugins/Interchange/Assets/Content/gltf/MaterialInstances/MI_Default_Blend.uexp" 855
"../../../Engine/Content/Functions/Engine_MaterialFunctions01/Texturing/FlattenNormal.uasset" 856
"../../../Engine/Content/Functions/Engine_MaterialFunctions01/Texturing/FlattenNormal.uexp" 857
"../../../Engine/Plugins/Interchange/Assets/Content/gltf/MaterialFunctions/MF_Clearcoat.uasset" 858
"../../../Engine/Plugins/Interchange/Assets/Content/gltf/MaterialFunctions/MF_Clearcoat.uexp" 859
"../../../Engine/Plugins/Interchange/Assets/Content/gltf/MaterialBodies/MF_ClearCoat_Body.uasset" 860
"../../../Engine/Plugins/Interchange/Assets/Content/gltf/MaterialBodies/MF_ClearCoat_Body.uexp" 861
"../../../Engine/Plugins/Interchange/Assets/Content/gltf/M_ClearCoat.uasset" 862
"../../../Engine/Plugins/Interchange/Assets/Content/gltf/M_ClearCoat.uexp" 863
"../../../Engine/Plugins/Interchange/Assets/Content/gltf/MaterialInstances/MI_ClearCoat_Opaque_DS.uasset" 864
"../../../Engine/Plugins/Interchange/Assets/Content/gltf/MaterialInstances/MI_ClearCoat_Opaque_DS.uexp" 865
"../../../Engine/Plugins/Interchange/Assets/Content/gltf/MaterialInstances/MI_ClearCoat_Opaque.uasset" 866
"../../../Engine/Plugins/Interchange/Assets/Content/gltf/MaterialInstances/MI_ClearCoat_Opaque.uexp" 867
"../../../Engine/Plugins/Interchange/Assets/Content/gltf/MaterialInstances/MI_ClearCoat_Mask_DS.uasset" 868
"../../../Engine/Plugins/Interchange/Assets/Content/gltf/MaterialInstances/MI_ClearCoat_Mask_DS.uexp" 869
"../../../Engine/Plugins/Interchange/Assets/Content/gltf/MaterialInstances/MI_ClearCoat_Mask.uasset" 870
"../../../Engine/Plugins/Interchange/Assets/Content/gltf/MaterialInstances/MI_ClearCoat_Mask.uexp" 871
"../../../Engine/Plugins/Interchange/Assets/Content/gltf/MaterialInstances/MI_ClearCoat_Blend_DS.uasset" 872
"../../../Engine/Plugins/Interchange/Assets/Content/gltf/MaterialInstances/MI_ClearCoat_Blend_DS.uexp" 873
"../../../Engine/Plugins/Interchange/Assets/Content/gltf/MaterialInstances/MI_ClearCoat_Blend.uasset" 874
"../../../Engine/Plugins/Interchange/Assets/Content/gltf/MaterialInstances/MI_ClearCoat_Blend.uexp" 875
"../../../Engine/Content/Functions/Engine_MaterialFunctions01/Shading/PowerToRoughness.uasset" 876
"../../../Engine/Content/Functions/Engine_MaterialFunctions01/Shading/PowerToRoughness.uexp" 877
"../../../Engine/Content/EngineMaterials/Substrate/Volume/SubstrateSimpleVolumeLUT3D.uasset" 878
"../../../Engine/Content/EngineMaterials/Substrate/Volume/SubstrateSimpleVolumeLUT3D.uexp" 879
"../../../Engine/Content/EngineMaterials/Substrate/Volume/SubstrateSimpleVolumeEnvLUT3D.uasset" 880
"../../../Engine/Content/EngineMaterials/Substrate/Volume/SubstrateSimpleVolumeEnvLUT3D.uexp" 881
"../../../Engine/Content/EngineMaterials/Substrate/GLints2/AGlintTex2dArray2.uasset" 882
"../../../Engine/Content/EngineMaterials/Substrate/GLints2/AGlintTex2dArray2.uexp" 883
"../../../Engine/Content/EngineMaterials/Substrate/GLints/AGlintTex2dArray.uasset" 884
"../../../Engine/Content/EngineMaterials/Substrate/GLints/AGlintTex2dArray.uexp" 885
"../../../Engine/Content/ArtTools/RenderToTexture/Meshes/S_1_Unit_Plane.ubulk" 886
"../../../Engine/Content/ArtTools/RenderToTexture/Meshes/S_1_Unit_Plane.uasset" 887
"../../../Engine/Content/ArtTools/RenderToTexture/Meshes/S_1_Unit_Plane.uexp" 888
"../../../Engine/Plugins/NNE/NNEDenoiser/Content/NNE_oidn2-3-0_rt_hdr_calb_cnrm_large__dyn__fp16_opset11_ForwardAlpha.uasset" 889
"../../../Engine/Plugins/NNE/NNEDenoiser/Content/NNE_oidn2-3-0_rt_hdr_calb_cnrm_large__dyn__fp16_opset11_ForwardAlpha.uexp" 890
"../../../Engine/Plugins/NNE/NNEDenoiser/Content/NNE_oidn2-3-0_rt_hdr_calb_cnrm_large__dyn__fp16_opset11_DenoiseAlpha.uasset" 891
"../../../Engine/Plugins/NNE/NNEDenoiser/Content/NNE_oidn2-3-0_rt_hdr_calb_cnrm_large__dyn__fp16_opset11_DenoiseAlpha.uexp" 892
"../../../Engine/Plugins/NNE/NNEDenoiser/Content/NNE_oidn2-3-0_rt_hdr_alb_nrm__dyn__fp16_opset11_ForwardAlpha.uasset" 893
"../../../Engine/Plugins/NNE/NNEDenoiser/Content/NNE_oidn2-3-0_rt_hdr_alb_nrm__dyn__fp16_opset11_ForwardAlpha.uexp" 894
"../../../Engine/Plugins/NNE/NNEDenoiser/Content/NNE_oidn2-3-0_rt_hdr_alb_nrm__dyn__fp16_opset11_DenoiseAlpha.uasset" 895
"../../../Engine/Plugins/NNE/NNEDenoiser/Content/NNE_oidn2-3-0_rt_hdr_alb_nrm__dyn__fp16_opset11_DenoiseAlpha.uexp" 896
"../../../Engine/Plugins/NNE/NNEDenoiser/Content/NNE_oidn2-3-0_rt_hdr_alb_nrm_small__dyn__fp16_opset11_ForwardAlpha.uasset" 897
"../../../Engine/Plugins/NNE/NNEDenoiser/Content/NNE_oidn2-3-0_rt_hdr_alb_nrm_small__dyn__fp16_opset11_ForwardAlpha.uexp" 898
"../../../Engine/Plugins/NNE/NNEDenoiser/Content/NNE_oidn2-3-0_rt_hdr_alb_nrm_small__dyn__fp16_opset11_DenoiseAlpha.uasset" 899
"../../../Engine/Plugins/NNE/NNEDenoiser/Content/NNE_oidn2-3-0_rt_hdr_alb_nrm_small__dyn__fp16_opset11_DenoiseAlpha.uexp" 900
"../../../Engine/Plugins/NNE/NNEDenoiser/Content/NNED_Oidn2-3_HighQuality_Alpha.uasset" 901
"../../../Engine/Plugins/NNE/NNEDenoiser/Content/NNED_Oidn2-3_HighQuality_Alpha.uexp" 902
"../../../Engine/Plugins/NNE/NNEDenoiser/Content/NNED_Oidn2-3_HighQuality.uasset" 903
"../../../Engine/Plugins/NNE/NNEDenoiser/Content/NNED_Oidn2-3_HighQuality.uexp" 904
"../../../Engine/Plugins/NNE/NNEDenoiser/Content/NNED_Oidn2-3_Fast_Alpha.uasset" 905
"../../../Engine/Plugins/NNE/NNEDenoiser/Content/NNED_Oidn2-3_Fast_Alpha.uexp" 906
"../../../Engine/Plugins/NNE/NNEDenoiser/Content/NNED_Oidn2-3_Fast.uasset" 907
"../../../Engine/Plugins/NNE/NNEDenoiser/Content/NNED_Oidn2-3_Fast.uexp" 908
"../../../Engine/Plugins/NNE/NNEDenoiser/Content/NNED_Oidn2-3_Balanced_Alpha.uasset" 909
"../../../Engine/Plugins/NNE/NNEDenoiser/Content/NNED_Oidn2-3_Balanced_Alpha.uexp" 910
"../../../Engine/Plugins/NNE/NNEDenoiser/Content/NNED_Oidn2-3_Balanced.uasset" 911
"../../../Engine/Plugins/NNE/NNEDenoiser/Content/NNED_Oidn2-3_Balanced.uexp" 912
"../../../Engine/Plugins/NNE/NNEDenoiser/Content/NNEDT_Oidn2-3_Balanced_Alpha.uasset" 913
"../../../Engine/Plugins/NNE/NNEDenoiser/Content/NNEDT_Oidn2-3_Balanced_Alpha.uexp" 914
"../../../Engine/Plugins/NNE/NNEDenoiser/Content/NNEDT_Oidn2-3_Balanced.uasset" 915
"../../../Engine/Plugins/NNE/NNEDenoiser/Content/NNEDT_Oidn2-3_Balanced.uexp" 916
"../../../Engine/Plugins/Animation/DeformerGraph/Content/Deformers/DG_LinearBlendSkin_Morph_Cloth_RecomputeNormals.uasset" 917
"../../../Engine/Plugins/Animation/DeformerGraph/Content/Deformers/DG_LinearBlendSkin_Morph_Cloth_RecomputeNormals.uexp" 918
"../../../Engine/Plugins/Animation/DeformerGraph/Content/Deformers/DG_LinearBlendSkin_Morph_Cloth.uasset" 919
"../../../Engine/Plugins/Animation/DeformerGraph/Content/Deformers/DG_LinearBlendSkin_Morph_Cloth.uexp" 920
"../../../Engine/Plugins/Animation/DeformerGraph/Content/DeformerFunctions/DG_Function_LinearBlendSkin_Morph_Cloth_PositionOnly.uasset" 921
"../../../Engine/Plugins/Animation/DeformerGraph/Content/DeformerFunctions/DG_Function_LinearBlendSkin_Morph_Cloth_PositionOnly.uexp" 922
"../../../Engine/Plugins/Animation/DeformerGraph/Content/DeformerFunctions/DG_Function_LinearBlendSkin_Morph_Cloth.uasset" 923
"../../../Engine/Plugins/Animation/DeformerGraph/Content/DeformerFunctions/DG_Function_LinearBlendSkin_Morph_Cloth.uexp" 924
"../../../Engine/Plugins/Animation/DeformerGraph/Content/DeformerFunctions/DG_Function_ComputeNormalsTangents.uasset" 925
"../../../Engine/Plugins/Animation/DeformerGraph/Content/DeformerFunctions/DG_Function_ComputeNormalsTangents.uexp" 926
"../../../Engine/Content/VREditor/TransformGizmo/StartRotationHandleIndicator.ubulk" 927
"../../../Engine/Content/VREditor/TransformGizmo/StartRotationHandleIndicator.uasset" 928
"../../../Engine/Content/VREditor/TransformGizmo/StartRotationHandleIndicator.uexp" 929
"../../../Engine/Content/VREditor/Sounds/UI/Drop_Item_From_ContentBrowser.ubulk" 930
"../../../Engine/Content/VREditor/Sounds/UI/Drop_Item_From_ContentBrowser.uasset" 931
"../../../Engine/Content/VREditor/Sounds/UI/Drop_Item_From_ContentBrowser.uexp" 932
"../../../Engine/Content/VREditor/TransformGizmo/PlaneTranslationHandle.ubulk" 933
"../../../Engine/Content/VREditor/TransformGizmo/PlaneTranslationHandle.uasset" 934
"../../../Engine/Content/VREditor/TransformGizmo/PlaneTranslationHandle.uexp" 935
"../../../Engine/Content/VREditor/Sounds/UI/Object_Snaps_To_Grid.ubulk" 936
"../../../Engine/Content/VREditor/Sounds/UI/Object_Snaps_To_Grid.uasset" 937
"../../../Engine/Content/VREditor/Sounds/UI/Object_Snaps_To_Grid.uexp" 938
"../../../Engine/Content/VREditor/Sounds/UI/Selection_Changes.ubulk" 939
"../../../Engine/Content/VREditor/Sounds/UI/Selection_Changes.uasset" 940
"../../../Engine/Content/VREditor/Sounds/UI/Selection_Changes.uexp" 941
"../../../Engine/Content/VREditor/Sounds/UI/Object_Snaps_To_Another_Actor.ubulk" 942
"../../../Engine/Content/VREditor/Sounds/UI/Object_Snaps_To_Another_Actor.uasset" 943
"../../../Engine/Content/VREditor/Sounds/UI/Object_Snaps_To_Another_Actor.uexp" 944
"../../../Engine/Content/VREditor/TransformGizmo/TranslucentTransformGizmoMaterial_Inst.uasset" 945
"../../../Engine/Content/VREditor/TransformGizmo/TranslucentTransformGizmoMaterial_Inst.uexp" 946
"../../../Engine/Content/VREditor/TransformGizmo/TransformGizmoFreeRotation.ubulk" 947
"../../../Engine/Content/VREditor/TransformGizmo/TransformGizmoFreeRotation.uasset" 948
"../../../Engine/Content/VREditor/TransformGizmo/TransformGizmoFreeRotation.uexp" 949
"../../../Engine/Content/VREditor/Sounds/UI/Scaling_Down.ubulk" 950
"../../../Engine/Content/VREditor/Sounds/UI/Scaling_Down.uasset" 951
"../../../Engine/Content/VREditor/Sounds/UI/Scaling_Down.uexp" 952
"../../../Engine/Content/Functions/Engine_MaterialFunctions02/SplitComponents.uasset" 953
"../../../Engine/Content/Functions/Engine_MaterialFunctions02/SplitComponents.uexp" 954
"../../../Engine/Content/VREditor/SnapGrid/SnapGridMaterial.uasset" 955
"../../../Engine/Content/VREditor/SnapGrid/SnapGridMaterial.uexp" 956
"../../../Engine/Content/VREditor/SnapGrid/SnapGridPlaneMesh.ubulk" 957
"../../../Engine/Content/VREditor/SnapGrid/SnapGridPlaneMesh.uasset" 958
"../../../Engine/Content/VREditor/SnapGrid/SnapGridPlaneMesh.uexp" 959
"../../../Engine/Content/VREditor/Sounds/UI/Scaling_Up.ubulk" 960
"../../../Engine/Content/VREditor/Sounds/UI/Scaling_Up.uasset" 961
"../../../Engine/Content/VREditor/Sounds/UI/Scaling_Up.uexp" 962
"../../../Engine/Content/VREditor/TransformGizmo/TransformGizmoMaterial_Inst.uasset" 963
"../../../Engine/Content/VREditor/TransformGizmo/TransformGizmoMaterial_Inst.uexp" 964
"../../../Engine/Content/VREditor/Sounds/UI/Gizmo_Handle_Clicked.ubulk" 965
"../../../Engine/Content/VREditor/Sounds/UI/Gizmo_Handle_Clicked.uasset" 966
"../../../Engine/Content/VREditor/Sounds/UI/Gizmo_Handle_Clicked.uexp" 967
"../../../Engine/Content/VREditor/TransformGizmo/RotationHandleQuarter.ubulk" 968
"../../../Engine/Content/VREditor/TransformGizmo/RotationHandleQuarter.uasset" 969
"../../../Engine/Content/VREditor/TransformGizmo/RotationHandleQuarter.uexp" 970
"../../../Engine/Content/VREditor/TransformGizmo/TranslateArrowHandle.ubulk" 971
"../../../Engine/Content/VREditor/TransformGizmo/TranslateArrowHandle.uasset" 972
"../../../Engine/Content/VREditor/TransformGizmo/TranslateArrowHandle.uexp" 973
"../../../Engine/Content/VREditor/TransformGizmo/RotationHandleIndicator.ubulk" 974
"../../../Engine/Content/VREditor/TransformGizmo/RotationHandleIndicator.uasset" 975
"../../../Engine/Content/VREditor/TransformGizmo/RotationHandleIndicator.uexp" 976
"../../../Engine/Content/VREditor/TransformGizmo/UniformScaleHandle.ubulk" 977
"../../../Engine/Content/VREditor/TransformGizmo/UniformScaleHandle.uasset" 978
"../../../Engine/Content/VREditor/TransformGizmo/UniformScaleHandle.uexp" 979
"../../../Engine/Content/VREditor/TransformGizmo/RotationHandleFull.ubulk" 980
"../../../Engine/Content/VREditor/TransformGizmo/RotationHandleFull.uasset" 981
"../../../Engine/Content/VREditor/TransformGizmo/RotationHandleFull.uexp" 982
"../../../Engine/Content/VREditor/Sounds/UI/Object_PickUp.ubulk" 983
"../../../Engine/Content/VREditor/Sounds/UI/Object_PickUp.uasset" 984
"../../../Engine/Content/VREditor/Sounds/UI/Object_PickUp.uexp" 985
"../../../Engine/Content/EngineResources/LandscapeVisibilityLayerInfo.uasset" 986
"../../../Engine/Content/EngineResources/LandscapeVisibilityLayerInfo.uexp" 987
"../../../Engine/Content/BasicShapes/Cube.ubulk" 988
"../../../Engine/Content/BasicShapes/Cube.uasset" 989
"../../../Engine/Content/BasicShapes/Cube.uexp" 990
"C:/Users/marce/Desktop/Mobile/ballgame/Content/LevelPrototyping/Meshes/SM_Cylinder.ubulk" 991
"C:/Users/marce/Desktop/Mobile/ballgame/Content/LevelPrototyping/Meshes/SM_Cylinder.uasset" 992
"C:/Users/marce/Desktop/Mobile/ballgame/Content/LevelPrototyping/Meshes/SM_Cylinder.uexp" 993
"C:/Users/marce/Desktop/Mobile/ballgame/Content/TopDown/sound/final.ubulk" 994
"C:/Users/marce/Desktop/Mobile/ballgame/Content/TopDown/sound/final.uasset" 995
"C:/Users/marce/Desktop/Mobile/ballgame/Content/TopDown/sound/final.uexp" 996
"C:/Users/marce/Desktop/Mobile/ballgame/Content/LevelPrototyping/Materials/M_Solid.uasset" 997
"C:/Users/marce/Desktop/Mobile/ballgame/Content/LevelPrototyping/Materials/M_Solid.uexp" 998
"C:/Users/marce/Desktop/Mobile/ballgame/Content/TopDown/sound/siuuu.ubulk" 999
"C:/Users/marce/Desktop/Mobile/ballgame/Content/TopDown/sound/siuuu.uasset" 1000
"C:/Users/marce/Desktop/Mobile/ballgame/Content/TopDown/sound/siuuu.uexp" 1001
"../../../Engine/Content/BasicShapes/Cylinder.ubulk" 1002
"../../../Engine/Content/BasicShapes/Cylinder.uasset" 1003
"../../../Engine/Content/BasicShapes/Cylinder.uexp" 1004
"../../../Engine/Content/BasicShapes/BasicShapeMaterial.uasset" 1005
"../../../Engine/Content/BasicShapes/BasicShapeMaterial.uexp" 1006
"C:/Users/marce/Desktop/Mobile/ballgame/Content/TopDown/sound/wooooh.ubulk" 1007
"C:/Users/marce/Desktop/Mobile/ballgame/Content/TopDown/sound/wooooh.uasset" 1008
"C:/Users/marce/Desktop/Mobile/ballgame/Content/TopDown/sound/wooooh.uexp" 1009
"../../../Engine/Content/BasicShapes/Sphere.ubulk" 1010
"../../../Engine/Content/BasicShapes/Sphere.uasset" 1011
"../../../Engine/Content/BasicShapes/Sphere.uexp" 1012
"../../../Engine/Content/Functions/Engine_MaterialFunctions01/Shading/ConvertFromDiffSpec.uasset" 1013
"../../../Engine/Content/Functions/Engine_MaterialFunctions01/Shading/ConvertFromDiffSpec.uexp" 1014
"../../../Engine/Plugins/Interchange/Assets/Content/Materials/MapOrScalarFunction.uasset" 1015
"../../../Engine/Plugins/Interchange/Assets/Content/Materials/MapOrScalarFunction.uexp" 1016
"../../../Engine/Content/EngineMaterials/DefaultNormal.ubulk" 1017
"../../../Engine/Content/EngineMaterials/DefaultNormal.uasset" 1018
"../../../Engine/Content/EngineMaterials/DefaultNormal.uexp" 1019
"../../../Engine/Plugins/Interchange/Assets/Content/Materials/MapOrLinearColorFunction.uasset" 1020
"../../../Engine/Plugins/Interchange/Assets/Content/Materials/MapOrLinearColorFunction.uexp" 1021
"../../../Engine/Plugins/Interchange/Assets/Content/Materials/MapOrColorFunction.uasset" 1022
"../../../Engine/Plugins/Interchange/Assets/Content/Materials/MapOrColorFunction.uexp" 1023
"../../../Engine/Plugins/Interchange/Assets/Content/Materials/CommonMaterial.uasset" 1024
"../../../Engine/Plugins/Interchange/Assets/Content/Materials/CommonMaterial.uexp" 1025
"../../../Engine/Plugins/Interchange/Assets/Content/Materials/PBRSurfaceFunction_SG.uasset" 1026
"../../../Engine/Plugins/Interchange/Assets/Content/Materials/PBRSurfaceFunction_SG.uexp" 1027
"../../../Engine/Content/EngineResources/DefaultTexture.ubulk" 1028
"../../../Engine/Content/EngineResources/DefaultTexture.uasset" 1029
"../../../Engine/Content/EngineResources/DefaultTexture.uexp" 1030
"../../../Engine/Plugins/Interchange/Assets/Content/Materials/ClearCoatMaterial_SG.uasset" 1031
"../../../Engine/Plugins/Interchange/Assets/Content/Materials/ClearCoatMaterial_SG.uexp" 1032
"C:/Users/marce/Desktop/Mobile/ballgame/Content/TopDown/bounce.uasset" 1033
"C:/Users/marce/Desktop/Mobile/ballgame/Content/TopDown/bounce.uexp" 1034
"C:/Users/marce/Desktop/Mobile/ballgame/Content/TopDown/Blueprints/ball.uasset" 1035
"C:/Users/marce/Desktop/Mobile/ballgame/Content/TopDown/Blueprints/ball.uexp" 1036
"../../../Engine/Plugins/Experimental/MeshModelingToolsetExp/Content/Materials/CheckerMaterial.uasset" 1037
"../../../Engine/Plugins/Experimental/MeshModelingToolsetExp/Content/Materials/CheckerMaterial.uexp" 1038
"../../../Engine/Plugins/Experimental/MeshModelingToolsetExp/Content/Materials/CheckerMaterial_Inst.uasset" 1039
"../../../Engine/Plugins/Experimental/MeshModelingToolsetExp/Content/Materials/CheckerMaterial_Inst.uexp" 1040
"C:/Users/marce/Desktop/Mobile/ballgame/Content/TopDown/sound/netgoal.ubulk" 1041
"C:/Users/marce/Desktop/Mobile/ballgame/Content/TopDown/sound/netgoal.uasset" 1042
"C:/Users/marce/Desktop/Mobile/ballgame/Content/TopDown/sound/netgoal.uexp" 1043
"C:/Users/marce/Desktop/Mobile/ballgame/Content/TopDown/Blueprints/goal.uasset" 1044
"C:/Users/marce/Desktop/Mobile/ballgame/Content/TopDown/Blueprints/goal.uexp" 1045
"C:/Users/marce/Desktop/Mobile/ballgame/Content/LevelPrototyping/Materials/MI_Solid_Blue.uasset" 1046
"C:/Users/marce/Desktop/Mobile/ballgame/Content/LevelPrototyping/Materials/MI_Solid_Blue.uexp" 1047
"C:/Users/marce/Desktop/Mobile/ballgame/Content/LevelPrototyping/Meshes/SM_ChamferCube.ubulk" 1048
"C:/Users/marce/Desktop/Mobile/ballgame/Content/LevelPrototyping/Meshes/SM_ChamferCube.uasset" 1049
"C:/Users/marce/Desktop/Mobile/ballgame/Content/LevelPrototyping/Meshes/SM_ChamferCube.uexp" 1050
"../../../Engine/Plugins/Experimental/MeshModelingToolsetExp/Content/Materials/CheckerMaterial_Inst1.uasset" 1051
"../../../Engine/Plugins/Experimental/MeshModelingToolsetExp/Content/Materials/CheckerMaterial_Inst1.uexp" 1052
"C:/Users/marce/Desktop/Mobile/ballgame/Content/TopDown/Maps/tutorial.uexp" 1053
"C:/Users/marce/Desktop/Mobile/ballgame/Content/TopDown/Maps/tutorial.umap" 1054
"C:/Users/marce/Desktop/Mobile/ballgame/Content/TopDown/Maps/Basketlevel.uexp" 1055
"C:/Users/marce/Desktop/Mobile/ballgame/Content/TopDown/Maps/Basketlevel.umap" 1056
"C:/Users/marce/Desktop/Mobile/ballgame/Content/Fab/Megascans/Surfaces/Brick_Bond_Walnut_Parquet_ucmicfjl/Medium/T_ucmicfjl_2K_N.ubulk" 1057
"C:/Users/marce/Desktop/Mobile/ballgame/Content/Fab/Megascans/Surfaces/Brick_Bond_Walnut_Parquet_ucmicfjl/Medium/T_ucmicfjl_2K_N.uasset" 1058
"C:/Users/marce/Desktop/Mobile/ballgame/Content/Fab/Megascans/Surfaces/Brick_Bond_Walnut_Parquet_ucmicfjl/Medium/T_ucmicfjl_2K_N.uexp" 1059
"C:/Users/marce/Desktop/Mobile/ballgame/Content/Fab/Megascans/Surfaces/Brick_Bond_Walnut_Parquet_ucmicfjl/Medium/T_ucmicfjl_2K_B.ubulk" 1060
"C:/Users/marce/Desktop/Mobile/ballgame/Content/Fab/Megascans/Surfaces/Brick_Bond_Walnut_Parquet_ucmicfjl/Medium/T_ucmicfjl_2K_B.uasset" 1061
"C:/Users/marce/Desktop/Mobile/ballgame/Content/Fab/Megascans/Surfaces/Brick_Bond_Walnut_Parquet_ucmicfjl/Medium/T_ucmicfjl_2K_B.uexp" 1062
"../../../Engine/Plugins/Fab/Content/Textures/Standard/T_DefaultDisplacement.uasset" 1063
"../../../Engine/Plugins/Fab/Content/Textures/Standard/T_DefaultDisplacement.uexp" 1064
"../../../Engine/Plugins/Fab/Content/MaterialFunctions/QMF_BaseColorAdjustments.uasset" 1065
"../../../Engine/Plugins/Fab/Content/MaterialFunctions/QMF_BaseColorAdjustments.uexp" 1066
"../../../Engine/Plugins/Fab/Content/Textures/Standard/T_DefaultNormal.uasset" 1067
"../../../Engine/Plugins/Fab/Content/Textures/Standard/T_DefaultNormal.uexp" 1068
"../../../Engine/Plugins/Fab/Content/Textures/Standard/T_DefaultMasks.uasset" 1069
"../../../Engine/Plugins/Fab/Content/Textures/Standard/T_DefaultMasks.uexp" 1070
"../../../Engine/Plugins/Fab/Content/MaterialFunctions/QMF_RoughnessAdjustments.uasset" 1071
"../../../Engine/Plugins/Fab/Content/MaterialFunctions/QMF_RoughnessAdjustments.uexp" 1072
"../../../Engine/Plugins/Fab/Content/MaterialFunctions/QMF_Tiling.uasset" 1073
"../../../Engine/Plugins/Fab/Content/MaterialFunctions/QMF_Tiling.uexp" 1074
"../../../Engine/Plugins/Fab/Content/MaterialFunctions/QMF_NormalAdjustments.uasset" 1075
"../../../Engine/Plugins/Fab/Content/MaterialFunctions/QMF_NormalAdjustments.uexp" 1076
"../../../Engine/Plugins/Fab/Content/MaterialFunctions/QMF_AOAdjustments.uasset" 1077
"../../../Engine/Plugins/Fab/Content/MaterialFunctions/QMF_AOAdjustments.uexp" 1078
"../../../Engine/Plugins/Fab/Content/Textures/Standard/T_DefaultColor.uasset" 1079
"../../../Engine/Plugins/Fab/Content/Textures/Standard/T_DefaultColor.uexp" 1080
"../../../Engine/Plugins/Fab/Content/Materials/Standard/M_MS_Srf.uasset" 1081
"../../../Engine/Plugins/Fab/Content/Materials/Standard/M_MS_Srf.uexp" 1082
"C:/Users/marce/Desktop/Mobile/ballgame/Content/Fab/Megascans/Surfaces/Brick_Bond_Walnut_Parquet_ucmicfjl/Medium/T_ucmicfjl_2K_ORM.ubulk" 1083
"C:/Users/marce/Desktop/Mobile/ballgame/Content/Fab/Megascans/Surfaces/Brick_Bond_Walnut_Parquet_ucmicfjl/Medium/T_ucmicfjl_2K_ORM.uasset" 1084
"C:/Users/marce/Desktop/Mobile/ballgame/Content/Fab/Megascans/Surfaces/Brick_Bond_Walnut_Parquet_ucmicfjl/Medium/T_ucmicfjl_2K_ORM.uexp" 1085
"C:/Users/marce/Desktop/Mobile/ballgame/Content/Fab/Megascans/Surfaces/Brick_Bond_Walnut_Parquet_ucmicfjl/Medium/MI_ucmicfjl.uasset" 1086
"C:/Users/marce/Desktop/Mobile/ballgame/Content/Fab/Megascans/Surfaces/Brick_Bond_Walnut_Parquet_ucmicfjl/Medium/MI_ucmicfjl.uexp" 1087
"C:/Users/marce/Desktop/Mobile/ballgame/Content/Data/Balls.uasset" 1088
"C:/Users/marce/Desktop/Mobile/ballgame/Content/Data/Balls.uexp" 1089
"C:/Users/marce/Desktop/Mobile/ballgame/Content/Data/BallsGameInstance.uasset" 1090
"C:/Users/marce/Desktop/Mobile/ballgame/Content/Data/BallsGameInstance.uexp" 1091
"C:/Users/marce/Desktop/Mobile/ballgame/Content/MainMenuAndPauseMenuProject/UserInterface/Blueprints/WBP_PauseMenu.uasset" 1092
"C:/Users/marce/Desktop/Mobile/ballgame/Content/MainMenuAndPauseMenuProject/UserInterface/Blueprints/WBP_PauseMenu.uexp" 1093
"C:/Users/marce/Desktop/Mobile/ballgame/Content/GUI/PlayerInfo.uasset" 1094
"C:/Users/marce/Desktop/Mobile/ballgame/Content/GUI/PlayerInfo.uexp" 1095
"C:/Users/marce/Desktop/Mobile/ballgame/Content/MainMenuAndPauseMenuProject/UserInterface/Blueprints/WBP_MainMenu.uasset" 1096
"C:/Users/marce/Desktop/Mobile/ballgame/Content/MainMenuAndPauseMenuProject/UserInterface/Blueprints/WBP_MainMenu.uexp" 1097
"C:/Users/marce/Desktop/Mobile/ballgame/Content/Cursor/T_Arrow.uasset" 1098
"C:/Users/marce/Desktop/Mobile/ballgame/Content/Cursor/T_Arrow.uexp" 1099
"C:/Users/marce/Desktop/Mobile/ballgame/Content/Cursor/M_Cursor.uasset" 1100
"C:/Users/marce/Desktop/Mobile/ballgame/Content/Cursor/M_Cursor.uexp" 1101
"C:/Users/marce/Desktop/Mobile/ballgame/Content/Cursor/SM_CursorMesh.ubulk" 1102
"C:/Users/marce/Desktop/Mobile/ballgame/Content/Cursor/SM_CursorMesh.uasset" 1103
"C:/Users/marce/Desktop/Mobile/ballgame/Content/Cursor/SM_CursorMesh.uexp" 1104
"C:/Users/marce/Desktop/Mobile/ballgame/Content/Cursor/FX_Cursor.uasset" 1105
"C:/Users/marce/Desktop/Mobile/ballgame/Content/Cursor/FX_Cursor.uexp" 1106
"../../../Engine/Content/EditorMaterials/Anchor.uasset" 1107
"../../../Engine/Content/EditorMaterials/Anchor.uexp" 1108
"../../../Engine/Content/EngineResources/AICON-Green.uasset" 1109
"../../../Engine/Content/EngineResources/AICON-Green.uexp" 1110
"../../../Engine/Content/MobileResources/HUD/AnalogHat.uasset" 1111
"../../../Engine/Content/MobileResources/HUD/AnalogHat.uexp" 1112
"../../../Engine/Content/EngineResources/AICON-Red.uasset" 1113
"../../../Engine/Content/EngineResources/AICON-Red.uexp" 1114
"C:/Users/marce/Desktop/Mobile/ballgame/Content/GUI/BallSelection.uasset" 1115
"C:/Users/marce/Desktop/Mobile/ballgame/Content/GUI/BallSelection.uexp" 1116
"C:/Users/marce/Desktop/Mobile/ballgame/Content/TopDown/Blueprints/BP_TopDownController.uasset" 1117
"C:/Users/marce/Desktop/Mobile/ballgame/Content/TopDown/Blueprints/BP_TopDownController.uexp" 1118
"C:/Users/marce/Desktop/Mobile/ballgame/Content/TopDown/Blueprints/BP_TopDownGameMode.uasset" 1119
"C:/Users/marce/Desktop/Mobile/ballgame/Content/TopDown/Blueprints/BP_TopDownGameMode.uexp" 1120
"C:/Users/marce/Desktop/Mobile/ballgame/Content/TopDown/Maps/TopDownMap.uexp" 1121
"C:/Users/marce/Desktop/Mobile/ballgame/Content/TopDown/Maps/TopDownMap.umap" 1122
"../../../Engine/Content/Maps/Entry_BuiltData.uasset" 1123
"../../../Engine/Content/Maps/Entry_BuiltData.uexp" 1124
"../../../Engine/Content/Maps/Entry.uexp" 1125
"../../../Engine/Content/Maps/Entry.umap" 1126
